template.example-text,Example Text,text
template.example-text@property-float,2.5,text
template.example-text@property-int,2.0,text
template.example-text@property-bool,true,text
template.example-image,path/to/image-file,image
template.example-audio,path/to/audio-file,audio
template.garage.bars.thrust.label ,"",
ui.label.loading,Loading,text
ui.label.loading@upper,LOADING,text
ui.label.coming-soon,Coming Soon,text
ui.label.coming-soon@upper,COMING SOON,text
ui.label.get-ready-coming-soon,GET READY. COMING SOON,text
ui.label.click-to-unlock,Click to Unlock,text
ui.label.click-to-unlock@upper,CLICK TO UNLOCK,text
ui.label.elapsed,Elapsed,text
ui.label.time,Time,text
ui.label.position,Position,text
ui.label.back,Back,text
ui.label.next,Next,text
ui.label.exit,Exit,text
ui.label.leaders,Leaders,text
ui.common.back,BACK,text
ui.common.next,NEXT,text
ui.common.watch,WATCH,text
ui.common.connecting,CONNECTING...,text
ui.common.no-hardware,NO HARDWARE,text
ui.common.loading-w-dots,LOADING...,text
ui.common.please-select,<PLEASE SELECT>,text
ui.common.yes,YES,text
ui.common.no,NO,text
ui.common.ok,OK,text
ui.common.dismiss,DISMISS,text
ui.common.start,START,text
ui.common.operation-failure,OPERATION FAILURE,text
ui.offline.status,UNAVAILABLE (OFFLINE),text
ui.connection.online,ONLINE,text
ui.connection.offline,OFFLINE,text
ui.dialog.controller-disconnected.title,CONTROLLER DISCONNECTED,text
ui.dialog.controller-disconnected.desc,"Warning, there is no controller connected to your system. Please reconnect your controller.",text
ui.dialog.connection.network-disconnected.title,NETWORK DISCONNECTED,text
ui.dialog.connection.network-disconnected.desc,"Warning, please check your internet connection.",text
ui.dialog.offline.network-disconnected.title,NETWORK DISCONNECTED,text
ui.dialog.offline.network-disconnected.desc,This feature is unavailable in offline mode.,text
ui.dialog.signed-in.title,SIGNED IN,text
ui.dialog.signed-in.desc,A new sign-in has been detected and the game will restart.,text
ui.dialog.signed-out.title,SIGNED OUT,text
ui.dialog.signed-out.desc,User has signed out and the game will restart.,text
ui.dialog.go-online.title,GO ONLINE,text
ui.dialog.go-online.desc,Do you want to launch the game in online mode?,text
ui.dialog.go-offline.title,GO OFFLINE,text
ui.dialog.go-offline.desc,"You are going offline even though you have an internet connection. When you are ready to go back online, please press the offline button on the footer.

<b>PLEASE NOTE THAT RACE TIMES IN OFFLINE WILL NOT BE UPLOADED TO THE ONLINE LEADERBOARD.</b>",text
ui.dialog.server-disconnected.title,SERVER DISCONNECTED,text
ui.dialog.server-disconnected.desc,We are curently experiencing server issues. Try again shortly.,text
ui.dialog.load-offline.desc,ENTERING OFFLINE MODE...,text
ui.dialog.load-online.desc,ENTERING ONLINE MODE...,text
ui.dialog.connection-lost.title,CONNECTION LOST,text
ui.dialog.connection-lost.desc,Network connection lost. Starting game in offline mode.,text
ui.footer.level,LEVEL,text
ui.footer.xp,XP,text
ui.footer.streak,STREAK,text
ui.footer.race,RACE,text
ui.common.invite,INVITE,text
ui.dialog.leaderboard-reset.title,RESET LEADERBOARD,text
ui.dialog.leaderboard-reset.desc,This will remove all of your leaderboard entries on all tracks. Do you wish to continue?,text
ui.dialog.leaderboard-track-reset.title,RESET LEADERBOARD,text
ui.dialog.leaderboard-track-reset.desc,Reset all leaderboard entries for this track?,text
splash.connecting,CONNECTING...,text
splash.connection-failed,"CONNECTION FAILED. PLEASE, TRY AGAIN LATER.",text
splash.missing-dll,INSTALL ERROR: MISSING VC REDIST 2015.,text
splash.connecting-server,CONNECTING TO SERVER...,text
splash.initializing,INITIALIZING...,text
splash.connection-fail,CONNECTION FAILED!,text
splash.platform-steam-fail,STEAM NOT RUNNING!,text
splash.platform-xbox-fail,XBOX LIVE NOT FOUND!,text
splash.connection-timeout,CONNECTION TIMEOUT!,text
splash.connection-retry,CONNECTION FAILED... RETRY,text
splash.license-check,CHECKING LICENSE...,text
splash.state-load,LOADING GAME STATE...,text
splash.button.connection-check.label,CONNECTION CHECK,text
splash.button.quit.label,QUIT,text
splash.state-download-maps,DOWNLOADING TRACKS FOR OFFLINE USE…,text
splash.loading,LOADING…,text
splash.state-store-maps,STORING TRACKS…,text
splash.start-offline,START OFFLINE,text
splash.state-load,LOADING GAME STATE…,text
splash.license-check,CHECKING LICENSE…,text
splash.state-download-maps-fail,FAILED TO DOWNLOAD TRACKS!,text
social.label.connecting,CONNECTING...,text
social.label.disconnected,DISCONNECTED,text
social.label.not-in-a-room,NOT IN A ROOM,text
social.label.no-threads-found,NO THREADS FOUND,text
social.footer.tabs.chat,CHAT,text
social.footer.tabs.friends,FRIENDS,text
social.footer.tabs.blocked,BLOCKED,text
social.friends.item.sub.private-message,PRIVATE MSG,text
social.friends.item.sub.remove-friend,REMOVE FRIEND,text
social.friends.search.placeholder,SEARCH...,text
social.friends.search.sortby,SORT BY,text
social.friends.search.sort-type,"ONLINE, NAME",text
social.chat.tabs.global,GLOBAL,text
social.chat.tabs.private,PRIVATE,text
social.chat.tabs.game,GAME,text
social.chat.channels,PRESS ALT TO CYCLE CHANNELS,text
social.chat.message.sub.private-message,PRIVATE MSG,text
social.chat.message.sub.add-friend,ADD FRIEND,text
social.social-main,CHAT,text
social.chat.message.time-ago.justnow,just now,text
social.chat.message.time-ago.months-ago,months ago,text
social.chat.message.time-ago.days-ago,days ago,text
social.chat.message.time-ago.hours-ago,hrs ago,text
social.chat.message.time-ago.mins-ago,mins ago,text
social.chat.message.time-ago.one-min-ago,1 min ago,text
social.chat.message.time-ago.moment-ago,a moment ago,text
social.chat.tabs.tournament,TOURNAMENT,text
social.chat.channel.global,[GLOBAL],text
social.chat.channel.vdrl,[LOCAL (TOURNAMENT)],text
social.chat.channel.game,[LOCAL (GAME)],text
social.friends.online,ONLINE,text
social.friends.offline,OFFLINE,text
social.friends.join-my-race,JOIN MY RACE,text
social.friends.snooze,SNOOZE,text
social.friends.accept,ACCEPT,text
social.friends.decline,DECLINE,text
social.friends.no-notifications,NO NOTIFICATIONS AVAILABLE,text
social.chat.need-help,NEED HELP?,text
social.chat.pilot,HEY PILOT!,text
social.chat.channel.private,[PRIVATE @,text
social.chat.type-here,TYPE HERE...,text
notifications.label.connecting,CONNECTING...,text
notifications.ui.join.race,JOIN MY RACE,text
notifications.ui.join.freestyle,JOIN MY FREESTYLE SESSION,text
home.disclaimer,PHYSICS BASED RACER3: 1018g AUW @ 1650g OF THRUST PER MOTOR. STAY TUNED FOR GARAGE MODE.,text
home.card@font-size,60.0,text
home.card.train,TRAIN,text
home.card.train.desc,LEARN TO FLY,text
home.card.fly,FLY,text
home.card.tryouts,TRYOUTS,text
home.card.tryouts.desc,BECOME A DRL PILOT,text
home.card.purchase,PURCHASE,text
home.card.purchase.desc,ACCESS TO THE FULL EXPERIENCE,text
home.card.garage,"U.S. AIR FORCE
WORKBENCH",text
home.card.garage.desc,BUILD YOUR DREAM DRONE,text
home.card.shop,SHOP,text
home.card.leaders,LEADERS,text
home.card.settings,SETTINGS,text
home.card.quit,QUIT,text
home.card.freestyle,FREESTYLE,text
home.card.freestyle.desc,"FLIPFLOPS, GAPS & THE JUICE",text
home.card.make-tracks,"TRACK
EDITOR",text
home.card.make-tracks.desc,SKY IS THE LIMIT,text
home.card.multiplayer,MULTIPLAYER,text
home.card.multiplayer.desc,CHALLENGE THE WORLD,text
home.card.profile,PROFILE,text
home.card.race,SOLO RACE,text
home.card.race.desc,SPRINT TO THE FINISH,text
home.card.physics,PHYSICS,text
home.card.physics.desc,"NEWTON MEETS
QUADCOPTERS",text
home.card.physics.beta,BETA,text
home.screen.title,Home,text
home.warning.below-specs,MACHINE IS BELOW MIN. SPECS,text
home.card.leaders.drl,DRL LEADERS,text
home.card.leaders.open,"OPEN CLASS
LEADERS",text
home.card.community.drones,"COMMUNITY
DRONES",text
home.card.community.drones.field-desc,ALL THE RIGS,text
home.click-drag,CLICK & DRAG,text
home.card.vdrl,TOURNAMENTS,text
home.card.vdrl.desc,NEW CHALLENGES!,text
home.card.store,STORE,text
home.card.store.desc,CUSTOM SKINS,text
home.card.usaf-card,U.S. AIR FORCE,text
home.card.usaf-card.desc,RACE TRACKS,text
home.usaf-night-mode,(NIGHT MODE),text
home.card.fly,FLY,text
home.card.fly.title,FLY,text
home.card.fly.desc,FLY MODE DESCRIPTION HERE,text
home.card.leaders,LEADERS,text
home.card.leaders.desc,FIND THE BEST,text
home.card.leaders.collectables,"SEARCH & DESTROY
LEADERS",text
home.leaders.screen.title,LEADERS,text
home.quests,QUESTS,text
fly.screen.title,FLY,text
fly.screen.race,RACE,text
fly.screen.freefly,FREEFLY,text
fly.screen.lobby,LOBBY,text
fly.screen.freecamera,FreeCamera,text
fly.card@font-size,60.0,text
fly.card.fly-campaign-card,CAMPAIGN,text
fly.card.fly-freecamera-card,"FREE
CAMERA",text
fly.card.fly-sandbox-card,"PHYSICS
SANDBOX
1.0",text
fly.multiplayer.lan,LAN,text
race-hud.label.position,POSITION,text
race-hud.label.time,TIME,text
race-hud.label.laps,LAPS,text
race-hud.warnings.low-fps,LOW FPS - PLEASE REDUCE QUALITY,text
race-hud.warnings.low-signal,LOW RADIO SIGNAL - PLEASE RETURN,text
race-hud.title.get,GET,text
race-hud.title.ready,READY!,text
race-hud.training.timer-countdown,COUNTDOWN,text
race-hud.training.timer-elapsed,ELAPSED,text
race-hud.training.next-button,NEXT,text
race-hud.warnings.training.skip,HOLD 'ANY BUTTON' TO SKIP,text
race-hud.training.gauge.perfect,PERFECT,text
race-hud.training.gauge.distance,DISTANCE,text
race-hud.training.gauge.toofar,TOO FAR,text
race-hud.label.gates,GATES,text
race-hud.label.round-ends,ROUND ENDS IN,text
collectables-hud.label.position,POSITION,text
collectables-hud.label.time,TIME,text
collectables-hud.label.score,SCORE,text
collectables-hud.warnings.low-fps,LOW FPS - PLEASE REDUCE QUALITY,text
collectables-hud.warnings.low-signal,LOW RADIO SIGNAL - PLEASE RETURN,text
collectables-hud.title.get,GET,text
collectables-hud.title.ready,READY!,text
collectables-hud.training.timer-countdown,COUNTDOWN,text
collectables-hud.training.timer-elapsed,ELAPSED,text
collectables-hud.training.next-button,NEXT,text
collectables-hud.warnings.training.skip,HOLD 'ANY BUTTON' TO SKIP,text
collectables-hud.training.gauge.perfect,PERFECT,text
collectables-hud.training.gauge.distance,DISTANCE,text
collectables-hud.training.gauge.toofar,TOO FAR,text
collectables-hud.label.gates,GATES,text
collectables-hud.label.round-ends,ROUND ENDS IN,text
collectables-hud.label.time,TIMER,text
status-page.Operational,Operational,运作中
status-page.Server Unresponsive,Server Unresponsive,服务器未响应
status-page.Subscribe,Subscribe,订阅
status-page.Support,"If you are having connection trouble, please reach out to us on WeChat for support: https://mp.weixin.qq.com/s/QGDQHHHrsDtpTT30C6aLIw",如果你有技术上的问题，请关注并透过微信公众号跟我们联络：https://mp.weixin.qq.com/s/QGDQHHHrsDtpTT30C6aLIw
status-page.API,API,API
status-page.Steam API,Steam API,蒸汽平台API
status-page.Labels,"",
status-page.Contact,Contact,联系方式
status-page.Support,Support,支持
status-page.Powered by,Powered by,技术支持
status-page.Legal Notice,Legal Notice,法律注意事项
status-page.Data Privacy,Data Privacy,数据隐私
status-page.Under Maintenance,Under Maintenance,正在维护
status-page.Statuses,"",
status-page.Under Maintenance,Under Maintenance,正在维护
status-page.Degraded Performance,Degraded Performance,降低性能
status-page.Partial Outage,Partial Outage,部分故障
status-page.Operational,Operational,操作性
status-page.Incidents,Incidents,事件
status-page.Incident,Incident,事件
status-page.Scheduled Maintenance,Scheduled Maintenance,例行维护
status-page.Incidents History,Incidents History,历史事件
status-page.Current & Historical operational interruptions to our service.,Current & Historical operational interruptions to our service.,当前 & 历史操作与服务器连接中断.
status-page.1 day since last incident | {days} days since last incident,2 day since last incident | {days} days since last incident,最新事件发生于{days}天前
status-page.Latest Incidents,Latest Incidents,最新事件
status-page.Current Status,Current Status,当前状态
status-page.Keep up to date with real-time and historical interruptions to our service which may be affecting you.,Keep up to date with real-time and historical interruptions to our service which may be affecting you.,随时了解可能导致您与服务器连接中断的情况.
status-page.No incidents reported.,No incidents reported.,无事件报告
status-page.Resolved,Resolved,已解决
status-page.Unresolved,Unresolved,未解决
status-page.Previous Page,Previous Page,上一页
status-page.Next Page,Next Page,下一页
status-page.Page,Page,页码
status-page.Show all {count} Incidents,Show all {count} Incidents,显示全部{count}个事件
status-page.Show less Incidents,Show less Incidents,显示部分事件
status-page.Go back to homepage,Go back to homepage,回到主页
status-page.Page not found,Page not found,未找到页面
status-page.The page you were looking for was not found,The page you were looking for was not found,未找到您查找的页面
status-page.An error occurred,An error occurred,出现错误
"status-page.We're sorry, but we cannot fulfill your request","We're sorry, but we cannot fulfill your request","非常抱歉, 我们不能满足您的要求."
status-page.Subscribe to Updates,Subscribe to Updates,订阅更新
status-page.Choose from the options below to automatically receive status updates.,Choose from the options below to automatically receive status updates.,"从以下选项中进行选择, 以自动接收状态更新."
status-page.Close,Close,关闭
status-page.Calendar,Calendar,日程表
"status-page.Receive <strong>Scheduled Maintenances</strong> via <a href=\""{url}\"" target=\""_blank\"" rel=\""noopener\"">iCalendar</a>.","Receive <strong>Scheduled Maintenances</strong> via <a href=\""{url}\"" target=\""_blank\"" rel=\""noopener\"">iCalendar</a>.","从<a href=\""{url}\"" target=\""_blank\"" rel=\""noopener\"">日程表</a>接收<strong>例行维护</strong>."
status-page.Feeds,Feeds,摘要
"status-page.Get <a href=\""{atom_url}\"" target=\""_blank\"" rel=\""noopener\"">the Atom Feed</a> or <a href=\""{rss_url}\"" target=\""_blank\"" rel=\""noopener\"">the RSS Feed</a>.","Get <a href=\""{atom_url}\"" target=\""_blank\"" rel=\""noopener\"">the Atom Feed</a> or <a href=\""{rss_url}\"" target=\""_blank\"" rel=\""noopener\"">the RSS Feed</a>.","获取<a href=\""{atom_url}\"" target=\""_blank\"" rel=\""noopener\"">Atom摘要</a>或 <a href=\""{rss_url}\"" target=\""_blank\"" rel=\""noopener\"">RSS摘要</a>."
status-page.Twitter,Twitter,推特
"status-page.or <a href=\""https://twitter.com/{username}\"" target=\""_blank\"" rel=\""noopener\"">view our Profile</a>.","or <a href=\""https://twitter.com/{username}\"" target=\""_blank\"" rel=\""noopener\"">view our Profile</a>.","或者<a href=\""https://twitter.com/{username}\"" target=\""_blank\"" rel=\""noopener\"">查看我们的资料</a>."
status-page.Support,Support,支持
"status-page.Visit our <a href=\""{url}\"" target=\""_blank\"" rel=\""noopener\"">Support Site</a>.","Visit our <a href=\""{url}\"" target=\""_blank\"" rel=\""noopener\"">Support Site</a>.","访问我们的<a href=\""{url}\"" target=\""_blank\"" rel=\""noopener\"">支持网站</a>."
status-page.Push,Push,推送
status-page.Notifications delivered to your browser.,Notifications delivered to your browser.,通知已发送到您的浏览器.
status-page.Enable Notifications,Enable Notifications,启用通知
status-page.Notifications are enabled for this browser.,Notifications are enabled for this browser.,此浏览器已启用通知.
vdrl.screen.title,TOURNAMENTS,text
vdrl.button.enter,ENTER,text
vdrl.button.standings,STANDINGS,text
vdrl.button.remind-me,REMIND ME,text
vdrl.button.register,REGISTER,text
vdrl.button.unregister,UNREGISTER,text
vdrl.button.nextmatch,NEXT MATCH,text
vdrl.feedback.processing,PROCESSING...,text
vdrl.feedback.no.tournaments,NO TOURNAMENTS FOUND,text
vdrl.feedback.operation.failure,OPERATION FAILURE,text
vdrl.label.group,GROUP,text
vdrl.label.semi.finals,SEMI FINALS,text
vdrl.label.finals,FINALS,text
vdrl.label.complete,MATCH COMPLETE,text
vdrl.label.waiting,WAITING,text
vdrl.label.next.map,NEXT MAP,text
vdrl.feedback.registering,REGISTERING...,text
vdrl.feedback.unregistering,UNREGISTERING...,text
vdrl.label.starts,STARTS:,text
vdrl.label.starts-in,STARTS IN:,text
vdrl.label.started,STARTED,text
vdrl.label.day,DAY,text
vdrl.label.days,DAYS,text
vdrl.label.hour,HOUR,text
vdrl.label.hours,HOURS,text
vdrl.label.winners-prize,WINNERS PRIZE:,text
vdrl.label.winner,WINNER,text
vdrl.skill.title,SKILLS,text
vdrl.label.minute,MIN,text
vdrl.label.minutes,MINS,text
vdrl.button.subscribe-me,SUBSCRIBE,text
vdrl.button.unsubscribe-me,UNSUBSCRIBE,text
vdrl.label.winners,WINNERS,text
vdrl.button.exit,EXIT,text
vdrl.list.title,TOURNAMENTS,text
vdrl.leaderboard.title,TOURNAMENT LEADERBOARD,text
vdrl.label.solo-race,START,text
vdrl.label.mp-race,JOIN,text
vdrl.label.mp-spectate,SPECTATE,text
vdrl.label.heat,HEAT,text
vdrl.label.active,ACTIVE,text
vdrl.label.waiting-players,WAITING FOR PLAYERS,text
vdrl.tournaments-list.bc-title,NO TOURNAMENT AVAILABLE,text
vdrl.tournaments-list.bc-desc,"SUBSCRIBE TO RECEIVE UPDATES
ABOUT FUTURE TOURNAMENTS",text
vdrl.tournaments-list.newsletter.title,NEWSLETTER,text
vdrl.tournaments-list.newsletter.desc,"STAY UP TO DATE ABOUT
FUTURE TOURNAMENTS",text
vdrl.tournaments-list.past.title,PAST RESULTS,text
vdrl.tournaments-list.past.desc,"PREVIOUS TOURNAMENTS
LEADERBOARDS",text
vdrl.tournament-overview.description,DESCRIPTION,text
vdrl.tournament-overview.prizes,PRIZES,text
vdrl.label.age-restriction,I AM OVER THE AGE OF,text
vdrl.label.inches,INCHES,text
vdrl.label.all-drones,ALL DRONES,text
vdrl.label.from,FROM,text
vdrl.label.to,TO,text
vdrl.brackets.selected-drone,SELECTED DRONE,text
vdrl.label.waiting,WAITING,text
vdrl.label.failed,FAILED,text
vdrl.match-item.results,RESULTS,text
vdrl.label.in-game,IN GAME,text
vdrl.label.total,TOTAL,text
vdrl.label.ends-in,ENDS IN,text
vdrl.label.event-canceled,EVENT CANCELED BY THE HOST,text
vdrl.label.ended,TOURNAMENT ENDED,text
vdrl.label.out-of,OUT OF,text
vdrl.label.time-expired,TIME EXPIRED,text
vdrl.label.round-complete,COMPLETE,text
vdrl.label.tournament-failed,TOURNAMENT FAILED,text
vdrl.label.registration-opens,OPENS:,text
vdrl.label.begins,BEGINS,text
vdrl.label.registered,REGISTERED,text
campaign.screen.title,CAMPAIGN,text
campaign.screen.title.overview,TRYOUTS,text
campaign.campaign.title.2016,2016 Season,text
campaign.campaign.discription.2016,DRL 2016 Season Races,text
campaign.campaign.title.2018,Tryouts 2018,text
campaign.campaign.discription.2018,DRL's Tryouts Tournament for 2018,text
campaign.overview.races,RACES,text
campaign.overview.totaltime,TOTAL TIME,text
campaign.overview.attemps,ATTEMPTS,text
campaign.overview.onleaderboard,<size=21>ON LEADERBOARD</size>,text
campaign.overview.reset,RESET,text
campaign.overview.finalheat,FINAL HEAT ,text
campaign.overview.locked,LOCKED,text
campaign.overview.results,RESULTS,text
campaign.overview.confirmation,(PRESS AGAIN TO CONFIRM),text
campaign.overview.resetright,RIGHT,text
campaign.results.nav-left.back,BACK,text
campaign.results.total-time,TOTAL TIME: ,text
campaign.overview.crash-rebuild,CRASH REBUILD,text
campaign.tryouts-2020.onboarding.t0,"Welcome to the <color=red>2020 DRL SIM Tryouts</color>, a global competition, open to anyone 16 years or older that seeks to find the next professional DRL pilot. The winner of the tryouts competition will earn a professional pilot contract to compete in the <color=red>2020 DRL season</color>. And for the first time ever, DRL is giving away <color=red>$75K</color> in total prizes throughout this epic, two-month tournament. Score a top place on the leaderboards. Compete in weekly tournaments. Tune-in to watch the action. Everyone has a chance to win.",text
campaign.tryouts-2020.onboarding.t1,"It's simple to get started. Players must complete 3 heats on the Tryouts Map, and you're automatically qualified to join the weekly online tournaments. There's no time cut off. If you can complete the map 3 times, you're qualified to compete. ",text
campaign.tryouts-2020.onboarding.t2,"Once you qualify on the Tryouts Map, you can join any of the 12 weekly tournaments held every <color=red>Tuesday and Thursday between Feb 18th - March 26th</color>. Each week is a different track. During the tournament, you have 30 minutes to set your fastest time in Qualifying. The Top 24 will battle it out bracket-style to become the overall winner. Every tournament winner automatically advances to the Finals.",text
leaderboard.back,BACK,text
leaderboard.exit,EXIT,text
leaderboard.my-position,MY POSITION,text
leaderboard.right,RIGHT,text
leaderboard.game-type.labels,"RACE,TRYOUTS",text
leaderboard.mode,MODE,text
leaderboard.map,MAP,text
leaderboard.track,TRACK,text
leaderboard.campaign,CAMPAIGN,text
leaderboard.drl-2016,DRL 2016,text
leaderboard.region,REGION,text
leaderboard.quest,QUEST,text
leaderboard.los-i,LOS I,text
leaderboard.mission,MISSION,text
leaderboard.the-diamond-path,THE DIAMOND PATH,text
leaderboard.replay,REPLAY,text
leaderboard.no-results-found,NO RESULTS FOUND,text
leaderboard.loading,LOADING...,text
leaderboard.start,START,text
leaderboard.drone-class,CLASS,text
leaderboard.drone-class.labels,"ALL CLASSES,NANO CLASS,3"" CLASS,4"" CLASS,5"" CLASS,6"" CLASS",text
leaderboard.title,LEADERBOARDS,text
leaderboard.race-item.replay,REPLAY,text
leaderboard.progress-loading,LOADING <color=red>/</color>,text
leaderboard.drone-physics.labels,"CUSTOM PHYSICS,DEFAULT PHYSICS",text
leaderboard.race-item.save-drone,DRONE,text
leaderboard.result.new-record,NEW RECORD,text
leaderboard.result.personal-best,NEW PERSONAL BEST,text
leaderboard.result.on,ON,text
leaderboard.result.drl-leaderboard,DRL LEADERBOARD,text
leaderboard.result.leaderboard,LEADERBOARD,text
leaderboard.result.custom-physics,CUSTOM PHYSICS,text
leaderboard.result.race-time,RACE TIME,text
leaderboard.result.time,TIME,text
leaderboard.choose-map,CHOOSE MAP,text
leaderboard.menu.replay.search,TYPE REPLAY URL...,text
leaderboard.search,SEARCH,text
leaderboard.show.all,SHOW ALL,text
garage.bars.thrust.label,THRUST,text
garage.bars.weight.label,WEIGHT,text
garage.bars.topspeed.label,TOP SPEED,text
garage.bars.torque.label,TORQUE,text
garage.bars.drag.label,DRAG,text
garage.bars.rpm.label,RPM,text
garage.bars.efficiency.label,EFFICIENCY,text
garage.bars.temperature.label,PEAK TEMP,text
garage.bars.description.label,Designates change in value.,text
garage.dev.button,DEV,text
garage.forbidden.button,FORB,text
garage.cog.button,MOI,text
garage.video.button,VIDEO,text
garage.spin.button,SPIN,text
garage.data.button,DATA,text
garage.see.button,SEE,text
garage.fly.button,FLY,text
garage.saving.button,SAVING...,text
garage.save.button,SAVE DRONE,text
garage.previous.button,PREVIOUS,text
garage.next.button,NEXT,text
garage.color.trail-color.label,PILOT/TRAIL,text
garage.color.prop-color.label,PROPELLERS,text
garage.color.texture-color.label,DETAILS 1,text
garage.color.edge-color.label,DETAILS 2,text
garage.name.input,TYPE A NAME,text
garage.header.frames.button,FRAMES,text
garage.header.motors.button,MOTORS,text
garage.header.props.button,PROPS,text
garage.header.lipos.button,LIPOS,text
garage.header.extras.button,EXTRAS,text
garage.header.style.button,STYLE,text
garage.header.color.button,COLOR,text
garage.messages.unabletofly,COMBINATION UNAVAILABLE: BENCH TEST DATA NOT CAPTURED YET. STAY TUNED.,text
garage.selection.new3inch.button,NEW 3'' DRONE,text
garage.selection.new4inch.button,NEW 4'' DRONE,text
garage.selection.new5inch.button,NEW 5'' DRONE,text
garage.selection.new6inch.button,NEW 6'' DRONE,text
garage.selection.new7inch.button,NEW 7'' DRONE,text
garage.charts.datasheet.button,DATASHEET,text
garage.charts.review.button,REVIEW,text
garage.selection-screen.title,Drones,text
garage.information.stator.label,Stator:,text
garage.information.size.label,Size:,text
garage.information.gear.label,Gear:,text
garage.information.blades.label,Blades:,text
garage.information.capacity.label,Capacity:,text
garage.information.cells.label,Cells:,text
garage.information.type.label,Type:,text
garage.information.weight.label,Weight:,text
garage.public.labels,"PRIVATE,PUBLIC",text
garage.clear.button,CLEAR CUSTOM PHYSICS,text
garage.messages.exit-preview,PRESS ANY KEY TO EXIT,text
garage.selection.nano.label,NANO CLASS,text
garage.selection.3inch.label,"3"" CLASS",text
garage.selection.4inch.label,"4"" CLASS",text
garage.selection.5inch.label,"5"" CLASS",text
garage.selection.6inch.label,"6"" CLASS",text
garage.selection.7inch.label,"7"" CLASS",text
garage.selection.promo.label,RECOMMENDED,text
garage.selection.developer.label,DEV ONLY,text
garage.messages.drone-name,PLEASE NAME YOUR DRONE,text
garage.selection-screen.minutes,Minutes,text
garage.card.store,STORE,text
garage.card.store.desc,"BUY NEW SKINS
FOR YOUR DRONES",text
garage.unsteady,UNSTEADY DRAG MODEL,text
garage.menu.frames.labels,"FRAME SIZE,3 INCHES,4 INCHES,5 INCHES,6 INCHES,7 INCHES",text
garage.menu.motors.size.labels,"SIZE,22xx",text
garage.menu.motors.gearing.labels,"GEARING,1500kv - 2000kv,2000kv - 2500kv,2500kv-3000kv",text
garage.menu.props.diameter.labels,"DIAMETER,3 INCHES,4 INCHES",text
garage.menu.props.blades.labels,"BLADES,2 BLADES,3 BLADES,4 BLADES,",text
garage.menu.lipos.cells.labels,"CELLS,3S (12.6v),4S (16.8v),5S (21v)",text
garage.menu.lipos.capacity.labels,"CAPACITY,0 - 450 mAh,451 - 850 mAh,851 - 1300 mAh,1301 - 1800 mAh",text
garage.menu.style.labels,"CATEGORY,ANIMALS,EFFECTS,FLAGS,OTHERS,PATTERNS",text
garage.map-selection.labels,"USAF,SANDBOX",text
garage.remove-attachment,"REMOVE ATTACHMENT
",text
garage.advanced-unsteady-drag,ADVANCED UNSTEADY DRAG,text
dashboard.graphs.title,GRAPHS,text
dashboard.graphs.units.miliamperhours,mAh,text
dashboard.graphs.units.volts,V,text
dashboard.graphs.units.meterspersecond,m/s,text
dashboard.graphs.units.degreespersecond,deg/s,text
dashboard.graphs.units.kilometersperhour,km/h,text
dashboard.graphs.units.kilograms,kg,text
dashboard.graphs.units.grams,g,text
dashboard.graphs.units.newtonmeters,Nm,text
dashboard.graphs.units.newtons,N,text
dashboard.graphs.units.rotationsperminute,rpm,text
dashboard.graphs.units.rotationspersecond,rps,text
dashboard.graphs.electric.title,BATTERY:,text
dashboard.graphs.electric.battery.charge.label,CHARGE:,text
dashboard.graphs.electric.battery.voltage.label,VOLTAGE:,text
dashboard.graphs.speed.title,SPEED XYZ:,text
dashboard.graphs.speed.global.label,GLOBAL:,text
dashboard.graphs.speed.local.label,LOCAL:,text
dashboard.graphs.speed.rotation.label,ROTATION:,text
dashboard.graphs.speed.airspeed.label,AIRFLOW:,text
dashboard.graphs.speed.flight.label,FLIGHT:,text
dashboard.graphs.force.title,FORCE XYZ:,text
dashboard.graphs.force.global.label,GLOBAL:,text
dashboard.graphs.force.local.label,LOCAL:,text
dashboard.graphs.force.drag.label,DRAG:,text
dashboard.graphs.force.drag-lift.label,DRAG/LIFT:,text
dashboard.graphs.force.aeroload.label,AERO LOAD:,text
dashboard.graphs.throttle.title,THROTTLE CURVE,text
dashboard.graphs.pitchroll.title,<color=#73D003FF>PITCH</color> <color=#00ffffff>ROLL</color> CURVE,text
dashboard.graphs.yaw.title,<color=#F1E500FF>YAW</color> CURVE,text
dashboard.graphs.efficiency.title,PROP EFFICIENCY,text
dashboard.graphs.motors.title,<color=#F1E500FF>MOTOR</color> OUTPUT,text
dashboard.graphs.motors.thrust.label,THRUST,text
dashboard.graphs.motors.torque.label,TORQUE,text
dashboard.graphs.motors.voltage.label,VOLTAGE,text
dashboard.graphs.motors.rotationsperminute.label,RPM,text
dashboard.general.title,GENERAL CONFIG,text
dashboard.general.tooltip,Miscallaneous settings and dashboard controlls.,text
dashboard.general.tune.tooltip,Save all physics settings and share them with other players.,text
dashboard.general.tune.button.new,NEW,text
dashboard.general.tune.button.save,SAVE,text
dashboard.general.tune.name.default,MY TUNE,text
dashboard.general.tune.rating.label,RATE THIS DRONE,text
dashboard.general.tune.button.communitytunes,COMMUNITY DRONES,text
dashboard.general.dronesettings.label,DRONE SETTINGS,text
dashboard.general.dronesettings.tooltip,Save/Load current settings onto the drone rig,text
dashboard.general.dronesettings.button.load,LOAD,text
dashboard.general.dronesettings.button.save,SAVE,text
dashboard.general.dronesettings.button.clear,CLEAR,text
dashboard.general.miscellaneous.label,MISCELLANEOUS,text
dashboard.general.miscellaneous.button.flipdrone,FLIP,text
dashboard.general.miscellaneous.button.flipdrone.tooltip,Flip the drone proper side up,text
dashboard.general.miscellaneous.button.controlleroverlay,CONTR.,text
dashboard.general.miscellaneous.button.controlleroverlay.tooltip,Show/Hide the controller overlay at the bottom of the screen,text
dashboard.general.miscellaneous.button.replay,REPLAY,text
dashboard.general.miscellaneous.button.replay.tooltip,Toggle replay controls,text
dashboard.general.miscellaneous.button.audio,AUDIO,text
dashboard.general.miscellaneous.button.audio.tooltip,Toggle audio controls,text
dashboard.general.flightcontrollermode.label,FLIGHT CONTROLLER,text
dashboard.general.flightcontroller.button.professional,PRO,text
dashboard.general.flightcontroller.button.professional.tooltip,Switch to Pro mode,text
dashboard.general.flightcontroller.button.intermediate,INTER.,text
dashboard.general.flightcontroller.button.intermediate.tooltip,Switch to Intermediate mode,text
dashboard.general.flightcontroller.button.beginner,NOOB,text
dashboard.general.flightcontroller.button.beginner.tooltip,Switch to Beginner mode,text
dashboard.general.graphs.label,GRAPHS,text
dashboard.general.graphs.button.motor,MOTOR,text
dashboard.general.graphs.button.motor.tooltip,"Toggle display of motors schematic on the dashboard. It shows the current RPM, thrust and torque of each individual motor",text
dashboard.general.graphs.button.throttle,THROTT.,text
dashboard.general.graphs.button.throttle.tooltip,Toggle display of throttle graph on the dashboard.,text
dashboard.general.graphs.button.pitch-roll-rc-curve,RC P+R,text
dashboard.general.graphs.button.pitch-roll-rc-curve.tooltip,Toggle display of pitch and roll RC curves on the dashboard. They display the current input and output signal for roll and pitch axes,text
dashboard.general.graphs.button.yaw-rc-curve,RC YAW,text
dashboard.general.graphs.button.yaw-rc-curve.tooltip,Toggle display of yaw RC curve on the dashboard. It displays the current input and output rate of the yaw axis,text
dashboard.general.graphs.button.propeller-efficiency,PROP EF.,text
dashboard.general.graphs.button.propeller-efficiency.tooltip,Toggle display of propeller efficiency graph on the dashboard. It displays the current advance ratio and propeller aerodynamic efficiency averaged across all motors.,text
dashboard.general.graphs.button.force,FORCE,text
dashboard.general.graphs.button.force.tooltip,Toggle display of the force printout on the dashboard. It displays the current forces affecting the drone,text
dashboard.general.graphs.button.speed,SPEED,text
dashboard.general.graphs.button.speed.tooltip,Toggle display of speed printout on the dashboard. It displays the current drone speed in various frames of refference,text
dashboard.general.graphs.button.electric,BATTERY,text
dashboard.general.graphs.button.electric.tooltip,Toggle display of battery printout on the dashboard. It displays the current battery parameters,text
dashboard.general.links.label,LINKS,text
dashboard.general.links.button.help,HELP,text
dashboard.physics.title,PHYSICS,text
dashboard.physics.tooltip,Physics parameters that affect simulation aerodynamics.,text
dashboard.physics.subtab.options,OPTIONS,text
dashboard.physics.options.tooltip,General physics parameters,text
dashboard.physics.subtab.propeller-efficiency,PROP EF.,text
dashboard.physics.propeller-efficiency.tooltip,Propeller aerodynamic efficiency,text
dashboard.physics.subtab.drag,DRAG,text
dashboard.physics.drag.tooltip,Drag modeling,text
dashboard.physics.subtab.groundeffect,GND EF.,text
dashboard.physics.groundeffect.tooltip,Ground effect,text
dashboard.physics.subtab.aeroload,AERO L.,text
dashboard.physics.subtab.propeller-limits,PROPS,text
dashboard.physics.prop-limits.tooltip,Propeller rotational speed limitations,text
dashboard.physics.gravity.label,GRAVITY,text
dashboard.physics.gravity.tooltip,"",text
dashboard.physics.aeroload.label,AERO LOAD,text
dashboard.physics.aeroload.tooltip,"",text
dashboard.physics.real-parameters.label,REAL PARAMETERS,text
dashboard.physics.real-parameters.tooltip,"",text
dashboard.physics.torque-improves-thrust.label,TORQUE IMPROVES THRUST,text
dashboard.physics.torque-improves-thrust.tooltip,"",text
dashboard.physics.efficiency.curve.label,PROP EFFICIENCY CURVE,text
dashboard.physics.efficiency.curve.tooltip,"Use prop efficiency curve so propeller efficiency changes with current propeller advance ratio, or override with a constant value",text
dashboard.physics.efficiency.override.label,PROP EFFICIENCY,text
dashboard.physics.efficiency.override.tooltip,"Constant efficiency, simulation will multiply all thrust forces by this factor.",text
dashboard.physics.efficiency.curve.parameters.label,PROP EFF. CURVE PARAMETERS,text
dashboard.physics.efficiency.curve.maximum.label,MAX,text
dashboard.physics.efficiency.curve.maximum.tooltip,Maximum efficiency that the curve reaches.,text
dashboard.physics.efficiency.curve.endpoint.label,END,text
dashboard.physics.efficiency.curve.endpoint.tooltip,"This is the advance ratio value at which the curve reaches zero again, after passing the maximum.",text
dashboard.physics.drag.coefficient.label,DRAG COEFFICIENT,text
dashboard.physics.drag.coefficient.tooltip,"Standard drag coefficient Cd, used in calculating individual drag values based on drone surface area.",text
dashboard.physics.drag.top-side.label,DRAG TOP/SIDE,text
dashboard.physics.drag.static-top.tooltip,Drag factor of drone top and bottom surfaces in static conditions,text
dashboard.physics.drag.static-side.tooltip,Drag factor of drone side surfaces in static conditions,text
dashboard.physics.drag.dynamic-top-side.label,DYNAMIC DRAG TOP/SIDE,text
dashboard.physics.drag.dynamic-top.tooltip,Drag factor of drone top and bottom surfaces in dynamic conditions,text
dashboard.physics.drag.dynamic-side.tooltip,Drag factor of droneside surfaces in dynamic conditions,text
dashboard.physics.drag.type.label,DRAG MODE,text
dashboard.physics.drag.type.tooltip,CL/CD models drag as separate drag and lift forces and uses drone angle of attack to interpolate min-max values of each coefficient. XYZ models drag independatly on each drone surface (top/side) and uses pre-computed coefficients that already include surface area and air density in their value.,text
dashboard.physics.drag.surfacearea.label,SURFACE AREA,text
dashboard.physics.drag.surfacearea.tooltip,Top surface area of the drone in square meters,text
dashboard.physics.drag.liftcoefficient.label,LIFT COEFFICIENT MIN-MAX,text
dashboard.physics.drag.liftcoefficient.tooltip,Lift coefficient (Cl) minimum and maximum value,text
dashboard.physics.drag.dragcoefficient.label,DRAG COEFFICIENT MIN-MAX,text
dashboard.physics.drag.dragcoefficient.tooltip,Drag coefficient (Cd) minimum and maximum value,text
dashboard.physics.groundeffect.label,GROUND EFFECT,text
dashboard.physics.groundeffect.strength.label,POWER,text
dashboard.physics.groundeffect.strength.tooltip,"",text
dashboard.physics.groundeffect.maximumdistance.label,DISTANCE,text
dashboard.physics.groundeffect.maximumdistance.tooltip,"",text
dashboard.physics.propeller-limits.label,PROP LIMITS,text
dashboard.physics.propeller-limits.tooltip,When off the maximum RPM the propeller can achieve is limited only by static motor specs and battery sag. When on prop speed is also limited by actual tip speed and there is additional prop drag.,text
dashboard.physics.propeller-limits.maximum-tip-speed.label,MAX TIP SPEED,text
dashboard.physics.propeller-limits.maximum-tip-speed.tooltip,Maximum allowed propeller tip speed in mach,text
dashboard.physics.propeller-limits.blade-drag-coefficient.label,BLADE DRAG,text
dashboard.physics.propeller-limits.blade-drag-coefficient.tooltip,Drag factor of the propeller blade.,text
dashboard.drone.title,DRONE SPECS,text
dashboard.drone.tooltip,Drone rig settings,text
dashboard.drone.subtab.drones,DRONES,text
dashboard.drone.subtab.drones.tooltip,Basic drone info,text
dashboard.drone.subtab.rig-specifications,SPECS,text
dashboard.drone.subtab.rig-specifications.tooltip,Basic rig specifications,text
dashboard.drone.subtab.propeller-spin-delay,DELAY,text
dashboard.drone.subtab.propeller-spin-delay.tooltip,Propeller spin-up and spin-down delay,text
dashboard.drone.size-class.label,DRONE CLASS:,text
dashboard.drone.drone-rig-name.label,RIG:,text
dashboard.drone.button.select,SELECT,text
dashboard.drone.button.select.tooltip,Choose a drone to fly,text
dashboard.drone.button.edit,EDIT,text
dashboard.drone.button.edit.tooltip,Edit the current drone parts,text
dashboard.general.camera.label,CAMERA,text
dashboard.general.camera.tooltip,Select camera mode,text
dashboard.drone.camera-tilt-angle.label,CAM TILT,text
dashboard.drone.camera-tilt-angle.tooltip,Select camera tilt angle,text
dashboard.drone.total-weight.label,TOTAL WEIGHT (Grams),text
dashboard.drone.total-weight.tooltip,You can override the drone weight in grams. If you clear the field or enter 0 the real drone weight will be used.,text
dashboard.drone.thrust-per-motor.label,THRUST PER MOTOR (Grams),text
dashboard.drone.thrust-per-motor.tooltip,You can override the maximum motor thrust output in grams. If you clear the field or enter 0 the real motor thrust will be used.,text
dashboard.drone.torque-per-motor.label,TORQUE PER MOTOR (Nm),text
dashboard.drone.torque-per-motor.tooltip,You can override the maximum motor torque output in Newton-meters. If you clear the field or enter 0 the real motor torque will be used.,text
dashboard.drone.button.reset-parameters,RESET,text
dashboard.drone.button.reset-parameters.tooltip,Reset all manually entered parameters to defaults,text
dashboard.drone.propeller-spin-delay.label,PROP SPIN DELAY (Seconds),text
dashboard.drone.propeller-spinup.label,SPIN UP,text
dashboard.drone.propeller-spinup.tooltip,Time in seconds it takes the prop to spin up from 0 to maximum RPM when provided with full signal,text
dashboard.drone.propeller-spindown.label,SPIN DOWN,text
dashboard.drone.propeller-spindown.tooltip,Time in seconds it takes the prop to fully stop from maximum RPM when provided with zero input signal (active breaking),text
dashboard.fc.title,FLIGHT CONTROLLER,text
dashboard.fc.tooltip,Flight controller settings,text
dashboard.fc.subtab.pid,PID,text
dashboard.fc.subtab.pid.tooltip,PID controller parameters,text
dashboard.fc.subtab.rates,RATES,text
dashboard.fc.subtab.rates.tooltip,Launch the controller tuning screen to set up Betaflight rate curves,text
dashboard.drone.subtab.battery,BATTERY,text
dashboard.drone.subtab.battery.tooltip,Battery parameters,text
dashboard.fc.button.pid-automatic-tuning,PID AUTO-TUNE,text
dashboard.fc.button.pid-automatic-tuning.tooltip,Start a PID autotune cycle. Drone will spin on it's own for a few seconds as the optimal PID constants are calculated,text
dashboard.fc.pid.pitch.label,PITCH P/I/D,text
dashboard.fc.pid.pitch.tooltip,"Proportional, Integral and Derivative constants for the Pitch axis PID controller",text
dashboard.fc.pid.roll.label,ROLL P/I/D,text
dashboard.fc.pid.roll.tooltip,"Proportional, Integral and Derivative constants for the Roll axis PID controller",text
dashboard.fc.pid.yaw.label,YAW P/I/D,text
dashboard.fc.pid.yaw.tooltip,"Proportional, Integral and Derivative constants for the Yaw axis PID controller",text
dashboard.drone.rates.pitch-rc-super-expo.label,PITCH RC/SUPER/EXPO,text
dashboard.drone.rates.roll-rc-super-expo.label,ROLL RC/SUPER/EXPO,text
dashboard.drone.rates.yaw-rc-super-expo.label,YAW RC/SUPER/EXPO,text
dashboard.drone.rates.throttle-mid-expo.label,THROTTLE MID/EXPO,text
dashboard.drone.rates.tooltip,"RC rate, Super rate and Expo for controller input",text
dashboard.drone.battery.label,BATTERY,text
dashboard.drone.battery.button.sag,SAG,text
dashboard.drone.battery.button.sag.tooltip,"Toggle battery sag, if off battery voltage won't chage with load.",text
dashboard.drone.battery.button.discharge,DRAIN,text
dashboard.drone.battery.button.discharge.tooltip,"If off battery will not drain, if on the battery will drain at a realistic pace, and when it reaches 0 the drone will shut off",text
dashboard.drone.battery.button.recharge,CHARGE,text
dashboard.drone.battery.button.recharge.tooltip,Recharge the battery to full capacity,text
dashboard.drone.battery.sag-strength.label,SAG STRENGTH,text
dashboard.drone.battery.sag-strength.tooltip,"",text
dashboard.drone.battery.recovery-strength.label,RECOVERY STRENGTH,text
dashboard.drone.battery.recovery-strength.tooltip,"",text
dashboard.drone.battery.recovery-speed.label,RECOVERY SPEED,text
dashboard.drone.battery.recovery-speed.tooltip,"",text
dashboard.drone.battery.capacity.label,CAPACITY,text
dashboard.drone.battery.capacity.tooltip,Total battery capacity,text
dashboard.drone.battery.internal-resistance.label,RESISTANCE,text
dashboard.drone.battery.internal-resistance.tooltip,Internal resistance of each battery cell in miliohms,text
dashboard.footer.message-edit-drone,PRESS 'E' TO EDIT DRONE,text
dashboard.footer.message-toggle-dashboard,PRESS 'P' TO TOGGLE DASHBOARD,text
dashboard.general.replay.label,REPLAY,text
dashboard.general.replay.button.record,RECORD,text
dashboard.general.replay.button.play,PLAY,text
dashboard.general.replay.button.run,RUN,text
dashboard.general.replay.button.record.tooltip,Starts/stops recording of the replay file with the entered filename,text
dashboard.general.replay.button.play.tooltip,Starts/stops playback of the replay file with the entered filename,text
dashboard.general.replay.button.run.tooltip,Execute the entered sequence of commands,text
dashboard.general.replay.filename.label,FILENAME/COMMANDS,text
dashboard.general.replay.filename.tooltip,"Filename of the replay to record/replay, or sequence of commands for the drone to execute",text
dashboard.inputfield.placeholder,enter value,text
dashboard.inputfield.placeholder.replay,enter filename,text
dashboard.physics.gravityfactor.label,GRAVITY FACTOR,text
dashboard.physics.gravityfactor.tooltip,This is essentially adding more down force to compensate for a lack of dynamic drag forces we're currently working on. Using it will result in slightly unrealistic flight trajectories but it will improve overall flight feel.,text
dashboard.disclaimer,*PHYSICS DASHBOARD BETA,text
dashboard.race-warning.message,"THIS WILL MARK YOUR LEADERBOARD ENTRY AS USING CUSTOM PHYSICS,
ARE YOU SURE YOU WANT TO LAUNCH THE DASHBOARD?",text
dashboard.race-warning.toggle.label,DON'T SHOW THIS MESSAGE AGAIN,text
dashboard.graphs.speed.ground.label,GROUND:,text
dashboard.graphs.speed.topspeed.label,TOP SPEED:,text
dashboard.fc.minimum-signal.label,MIN SIGNAL,text
dashboard.fc.minimum-signal.tooltip,Minimum throttle signal to maintain when no input given (range 1000-2000).,text
dashboard.fc.pid.disabled.warning,*MANUAL PID TUNING DISABLED UNTIL NEXT RELEASE,text
dashboard.physics.threading.label,THREADING,text
dashboard.physics.threading.tooltip,"Allows the physics system to run independantly of rendering for a smoother experience (2000Hz with threading, 50Hz without)",text
dashboard.physics.airdensity.label,AIR DENSITY,text
dashboard.physics.airdensity.tooltip,Air density in kg/m3,text
dashboard.physics.drag.inertia.label,INERTIA,text
dashboard.physics.drag.inertia.tooltip,Adjusts drag factors dynamically to provide more (>1.0) or less (<1.0) inertia to the drone without affecting aerodynamics,text
dashboard.physics.drag.arcing.label,ARCING,text
dashboard.physics.drag.arcing.tooltip,"Adjusts lift factors dynamically to help with downwards arcing of the drone (0-no arcing, 1-slight arcing, 10-drone is magnetically attracted to ground)",text
dashboard.physics.drag.scaling.label,DRAG/LIFT/SIDE SCALE,text
dashboard.physics.drag.scaling.drag.tooltip,Scales the drag force independantly of lift,text
dashboard.physics.drag.scaling.lift.tooltip,Scales the lift force independantly of drag,text
dashboard.physics.drag.scaling.side.tooltip,Scales the sideways pressure caused by lift/drag dynamics,text
dashboard.physics.drag.data.label,DATA,text
dashboard.physics.drag.data.tooltip,Use drag modeling from another drone frame (default=current frame),text
dashboard.drone.battery.overheat.label,BURNOUT,text
dashboard.drone.battery.overheat.tooltip,"Sets the rate at which the electrical systems of the drone can overheat and burn out if you overload them. At 0 no burnout happens, at 1 you can burn out the drone after about 10s holding full throttle on a powerful 6"" 5S combination",text
dashboard.fc.subtab.extra,EXTRA,text
dashboard.fc.subtab.extra.tooltip,Additional Betaflight parameters,text
dashboard.fc.betaflight-version.label,BETAFLIGHT VERSION,text
dashboard.fc.betaflight-version.tooltip,Choose the version of simulated Betaflight firmware,text
dashboard.fc.pid.ff.label,ROLL/PITCH/YAW FF,text
dashboard.fc.pid.ff.tooltip,"Feed Forward constants for Roll, Pitch and Yaw PID loops",text
dashboard.fc.cog.label,USE COG,text
dashboard.fc.cog.tooltip,"Use realistic center of gravity for the drone, otherwise drone center of gravity is perfectly centered. When using COG your drone will pitch forward on it's own if your I term is too low.",text
dashboard.fc.antigravity.gain.label,AGRAV GAIN,text
dashboard.fc.antigravity.gain.tooltip,Antigravity gain,text
dashboard.fc.itermrelaxvalue.label,ITR VALUE,text
dashboard.fc.itermrelaxvalue.tooltip,I term relax value,text
dashboard.fc.fftransition.label,FF TRANSITION,text
dashboard.fc.fftransition.tooltip,Feed forward transition,text
dashboard.fc.antigravity.mode.label,AGRAV MODE,text
dashboard.fc.antigravity.mode.tooltip,Antigravity mode,text
dashboard.fc.itermrelaxtype.label,ITR TYPE,text
dashboard.fc.itermrelaxtype.tooltip,I term relax type,text
dashboard.fc.itermrelax.label,IT RELAX,text
dashboard.fc.itermrelax.tooltip,I term relax on/off,text
dashboard.fc.smartff.label,SMART FF,text
dashboard.fc.smartff.tooltip,Smart feed forward,text
dashboard.fc.itermrotation.label,ITERM ROTATION,text
dashboard.fc.itermrotation.tooltip,I term rotation,text
dashboard.fc.antigravity.label,ANTIGRAVITY,text
dashboard.fc.antigravity.tooltip,Antigravity feature on/off,text
dashboard.fc.airmode.label,AIRMODE,text
dashboard.fc.airmode.tooltip,Airmode feature on/off,text
dashboard.general.wind.label,WIND X/Y/Z,text
dashboard.general.wind.tooltip,"Wind speed in m/s in x/y/z directions (only available in physics sandbox, not race or freestyle modes)",text
drones.menu.show,SHOW,text
drones.menu.show.labels,"COMMUNITY,MY DRONES",text
drones.menu.sort,SORT BY,text
drones.menu.sort.labels,"MOST POPULAR,HIGHEST RATING,MOST POWER,LIGHTEST,HEAVIEST",text
drones.menu.search,SEARCH,text
drones.feedback.loading,LOADING...,text
drones.feedback.notfound,NO DRONES FOUND,text
drones.feedback.failed,OPERATION FAILURE,text
drones.list.item.fly,FLY,text
drones.list.item.save,SAVE,text
drones.list.item.delete,DELETE,text
drones.title,COMMUNITY DRONES,text
drones.menu.size.labels,"ALL CLASSES,3"" CLASS,4"" CLASS,5"" CLASS,6"" CLASS,7"" CLASS",text
drones.menu.physics.labels,"ALL PHYSICS,DEFAULT PHYSICS,CUSTOM PHYSICS",text
drones.list.item.clone,CLONE,text
drones.list.item.add,ADD,text
drones.list.item.edit,EDIT,text
drones.list.item.specs.thrust,THRUST,text
drones.list.item.specs.weight,WEIGHT,text
drones.list.item.specs.flown,FLOWN,text
drones.new-drone,NEW DRONE,text
store.menu.sort.labels,"MOST POPULAR,HIGHEST RATING,NEWEST,OLDEST,HIGHEST PRICE, LOWEST PRICE",text
store.menu.items.labels,ALL STORE ITEMS,text
store.menu.categories.labels,"ALL CATEGORIES,FRAMES,MOTORS,PROPELLERS,ATTACHMENTS,SKINS,PODIUMS ",text
store.menu.search,SEARCH,text
store.title,STORE,text
store.menu.physics.labels,"ALL PHYSICS,DEFAULT PHYSICS,CUSTOM PHYSICS",text
store.item.buy,BUY,text
store.item.buy.price,$,text
store-preview.menu.show,SHOW,text
store-preview.menu.buy,BUY,text
store-preview.title,(STORE PREVIEW),text
store-preview.color.prop-color.label,PROPELLERS,text
store-preview.color.texture-color.label,SKIN COLOR 1,text
store-preview.color.edge-color.label,SKIN COLOR 2,text
store-preview.menu.buy.price,$,text
pause.cards.camera-tilt.label,CAMERA TILT,text
pause.cards.camera-mode.label,CAMERA MODE,text
pause.cards.camera-mode.types,FPV,text
pause.cards.camera-fov.label,CAMERA FOV,text
pause.screen.back.button,BACK,text
pause.cards.intermediate.details,"STABILITY OFF
ALTITUDE HOLD OFF
ANGLE LIMITER ON",text
pause.cards.pro.details,MANUAL MODE,text
pause.cards.beginner.details,"STABILITY ON
ALTITUDE HOLD ON
ANGLE LIMITER ON",text
pause.cards.exit-game.label,"EXIT
TO MAIN",text
pause.cards.restart-game.label,RESTART,text
pause.cards.pro.label,PRO MODE,text
pause.cards.intermediate.label,INTERMEDIATE MODE,text
pause.cards.beginner.label,BEGINNER MODE,text
pause.cards.controller-setup.title,"CONTROLLER
SETUP",text
pause.cards.settings,SETTINGS,text
pause.cards.change-map.label,"CHANGE
MISSION",text
pause.cards.controller-sensitivity.title,"CONTROLLER
SENSITIVITY",text
pause.cards.system.title,SYSTEM,text
pause.cards.launch-dashboard.title,"PHYSICS
DASHBOARD",text
pause.cards.physics-dashboard.details,SHORTCUT: P KEY,text
pause.cards.room.title,ROOM,text
pause.cards.player.title,SPECTATE,text
pause.cards.campaign-lost-advice.label,"CAMPAIGN PROGRESS
WILL BE LOST!",text
pause.cards.fc-profiles.label,PROFILES,text
pause.cards.camera-mode-stepper,"FPV, EXTERNAL, ORBIT",text
pause.cards.change-game.change-map,"CHANGE
TRACK",text
pause.cards.garage.edit-drone,EDIT DRONE,text
pause.cards.change-drone,CHANGE DRONE,text
pause.cards.rate-drone.title,RATE THIS DRONE,text
pause.cards.rate-map.title,RATE THIS TRACK,text
pause.cards.back-editor.label,BACK TO EDITOR,text
pause.cards.drl-pilot.label,DRL PILOT MODE,text
pause.cards.drl-pilot.details,"MANUAL MODE
THROTTLE CAP
BATTERY RESISTANCE",text
onboarding.start.beginner,BEGINNER,text
onboarding.start.intermediate,INTERMEDIATE,text
onboarding.start.pro,PRO,text
onboarding.start.skip,MAIN MENU (SKIP),text
onboarding.welcome.beginner.title,BEGINNER ONBOARDING,text
onboarding.welcome.beginner.description,"Welcome Pilot! Thanks for checking out the onboarding system I crafted to test your skills.
 You and I will eventually be squaring off in a race, but first I am going to teach you some
 basic flying skills. Pay attention because when it comes time to race I only know how to go
 full throttle.",text
onboarding.welcome.intermediate.title,INTERMEDIATE ONBOARDING,text
onboarding.welcome.intermediate.description,"Welcome Pilot! Thanks for checking out the onboarding system I crafted to test your skills.
 You and I will eventually be squaring off in a race, but first I am going to teach you some
 basic flying skills. Pay attention because when it comes time to race I only know how to go
 full throttle.",text
onboarding.welcome.pro.title,PRO ONBOARDING,text
onboarding.welcome.pro.description,"Welcome Pilot! Thanks for checking out the onboarding system I crafted to test your skills.
 You and I will eventually be squaring off in a race, but first I am going to teach you some
 basic flying skills. Pay attention because when it comes time to race I only know how to go
 full throttle.",text
onboarding.progress.label,PROGRESS,text
onboarding.complete.finish,FINISH,text
onboarding.complete.intermediate,INTERMEDIATE,text
onboarding.complete.pro,PRO,text
onboarding.exit.label,EXIT,text
onboarding.beginner.mode,BEGINNER MODE,text
onboarding.beginner.mission.arguments,"STABILITY ON
ALTITUDE HOLD ON
ANGLE LIMITER ON",text
onboarding.intermediate.mode,INTERMEDIATE MODE,text
onboarding.intermediate.mission.arguments,"STABILITY OFF
ALTITUDE HOLD OFF
ANGLE LIMITER ON",text
onboarding.pro.mode,PRO MODE,text
onboarding.pro.mission.arguments,MANUAL MODE,text
onboarding.reset,RESET,text
onboarding.skip,SKIP,text
onboarding.race.failed,RACE FAILED!,text
onboarding.race.complete,RACE COMPLETE!,text
onboarding.mission.failed,MISSION FAILED!,text
onboarding.mission.complete,MISSION COMPLETE!,text
onboarding.retry,RETRY,text
onboarding.beginner.campaign.complete,Congratulations! You have completed the full beginner campaign. Would you like to continue onboarding with the intermediate campaign?,text
onboarding.intermediate.campaign.complete,Congratulations! You have completed the full intermediate campaign. Would you like to complete the pro onboarding?,text
onboarding.pro.campaign.complete,Congratulations on successfully completing pro onboarding. We are impressed with your skills so far and look forward to seeing you compete. Please click “Next” to hear a brief tutorial on navigating the sim.,text
onboarding.beginner.missions.complete,Congratulations on finishing the first step of the Beginner Campaign. You have proven your mettle across 10 missions and are ready to take me on in your first race,text
onboarding.intermediate.missions.complete,Congratulations on finishing the first step of the Intermediate Campaign. You have proven your mettle across 10 missions and are ready to challenge me in your first race,text
onboarding.drl.sim.overview.title,DRL SIM OVERVIEW,text
onboarding.drl.sim.overview.subtitle,LEARN THE BASIC OF THE SIMULATOR BEFORE YOU FLY,text
onboarding.mission.title,MISSION,text
onboarding.missions.title,MISSIONS,text
onboarding.races.title,RACES,text
onboarding.intro.title,FLIGHT MODE SELECTION,text
onboarding.intro.subtitle,SELECT THE FLYING MODE BEFORE YOU START,text
settings-system.screen.title,Graphics,text
settings-system.form.quality,QUALITY,text
settings-system.form.quality.labels,"CUSTOM,LOWEST,LOW,MEDIUM,HIGH,ULTRA",text
settings-system.nav-left,BACK,text
settings-system.form.detect,DETECT QUALITY,text
settings-system.form.resolution,RESOLUTION,text
settings-system.form.mode.labels,"WINDOW,FULL SCREEN",text
settings-system.form.mode,MODE,text
settings-system.form.advanced,ADVANCED RENDERING,text
settings-system.form.shader.labels,"LOW,MEDIUM,HIGH",text
settings-system.form.shader,SHADER QUALITY,text
settings-system.form.texture.labels,"LOWEST,LOW,MEDIUM,HIGH",text
settings-system.form.texture,TEXTURES,text
settings-system.form.shadow.labels,"OFF,LOWEST,LOW,MEDIUM,HIGH",text
settings-system.form.shadows,SHADOWS,text
settings-system.form.antialias.labels,"OFF,TAA,FXAA",text
settings-system.form.antialias,ANTIALIASING,text
settings-system.form.dof,DEPTH OF FIELD,text
settings-system.form.ao,AMBIENT OCCLUSION,text
settings-system.form.color,COLOR GRADING,text
settings-system.form.motion,MOTION BLUR,text
settings-system.form.bloom,BLOOM,text
settings-system.form.adaptation,EYE ADAPTATION,text
settings-system.form.aberration,CHROMATIC ABERRATION,text
settings-system.form.grain,GRAIN,text
settings-system.form.radio,RADIO FX,text
settings-system.form.vsync,"OFF, ON",text
settings-system.form.post-processing,POST PROCESSING,text
settings-system.form.effects-quality,EFFECTS,text
settings-system.form.details,DETAILS,text
settings-system.form.water-reflections,WATER REFLECTIONS,text
settings-system.form.antialias.labels2,"OFF,FXAA,TAA",text
settings-system.form.stepper.labels-low-med-hi,"LOW,MEDIUM,HIGH",text
settings-system.form.stepper.labels-lwst-low-med-hi,"LOWEST,LOW,MEDIUM,HIGH",text
settings-system.form.stepper.labels-off-low-med-hi,"OFF,LOW,MEDIUM,HIGH",text
settings-system.form.brightness,BRIGHTNESS,text
settings-system.form.render-scale,RENDER SCALE,text
settings-system.form.fps-limit,FPS LIMIT,text
settings-game.screen.title,OPTIONS,text
settings-game.nav-left,BACK,text
settings-game.form.volume.main,VOLUME MAIN,text
settings-game.form.volume.music,VOLUME MUSIC,text
settings-game.form.volume.sfx,VOLUME SFX,text
settings-game.form.language,LANGUAGE,text
settings-game.form.language.labels,"AUTO,ENGLISH,CHINESE (SIMPLIFIED)",text
settings-game.form.camera.tilt,CAMERA TILT,text
settings-game.form.camera.fov,CAMERA FOV,text
settings-game.form.guide,RACE LINE,text
settings-game.form.stats,RACE STATS,text
settings-game.form.markers,GATE MARKERS,text
settings-game.form.standings,RACE STANDINGS AUTO ENABLE,text
settings-game.form.fps,FPS WARNING,text
settings-game.form.controller,CONTROLLER OVERLAY,text
settings-game.form.lens,LENS DISTORTION,text
settings-game.form.props,PROPS VISIBLE,text
settings-game.form.propwash,PROPWASH,text
settings-game.form.propwash.labels,"NONE,LOW,MEDIUM,HIGH",text
settings-game.form.crosshair,CROSSHAIR,text
settings-game.form.fast-reset,FAST RACE RESTART,text
settings-game.form.camera-noise,CAMERA NOISE,text
settings-game.form.notifications-game,IN-GAME NOTIFICATION,text
settings-game.form.notifications-game.labels,"ALL,FRIENDS,OFF",text
settings-game.form.notifications-menu,MENU NOTIFICATION,text
settings-game.form.notification-menu.labels,"ALL,FRIENDS,OFF",text
settings-game.form.notifications-in-game-chat,IN-GAME CHAT,text
settings-game.form.notifications-in-game-drone-trails,DRONE TRAILS,text
settings-game.form.race-line-color,RACE LINE COLOR,text
settings-game.form.check-point-color,CHECK POINT COLOR,text
settings-game.form.reset-leaderboards,RESET ALL LEADERBOARDS,text
settings-game.form.reset-track-leaderboard,RESET TRACK LEADERBOARD,text
settings-tuning.back,BACK,text
settings-tuning.help,HELP,text
settings-tuning.betaflight,BETAFLIGHT,text
settings-tuning.controller-presets.label,CONTROLLER PRESETS,text
settings-tuning.preset.low,LOW,text
settings-tuning.preset.medium,MEDIUM,text
settings-tuning.preset.high,HIGH,text
settings-tuning.preset.custom,CUSTOM,text
settings-tuning.sliders.pitch-rc-rate,PITCH RC RATE,text
settings-tuning.sliders.yaw-rc-rate,YAW RC RATE,text
settings-tuning.sliders.pitch-super-rate,PITCH SUPER RATE,text
settings-tuning.sliders.yaw-super-rate,YAW SUPER RATE,text
settings-tuning.sliders.pitch-expo,PITCH EXPO,text
settings-tuning.sliders.yaw-expo,YAW EXPO,text
settings-tuning.sliders.roll-rc-rate,ROLL RC RATE,text
settings-tuning.sliders.throttle-mid,THROTTLE MID,text
settings-tuning.sliders.roll-super-rate,ROLL SUPER RATE,text
settings-tuning.sliders.throttle-expo,THROTTLE EXPO,text
settings-tuning.sliders.roll-expo,ROLL EXPO,text
settings-tuning.options.link-pitch-roll-state,LINK PITCH/ROLL RATES,text
settings-tuning.footer.yaw,YAW,text
settings-tuning.footer.pitch-roll,PITCH/ROLL,text
settings-tuning.footer.pitch,PITCH,text
settings-tuning.footer.roll,ROLL,text
settings-tuning.drone-preview.loading-msg,ASSEMBLING DRONE...,text
settings-tuning.drone-preview.rotation-speed,ROTATION SPEED,text
settings-tuning.drone-preview.movement-speed,MOVEMENT SPEED,text
settings-tuning.drone-preview.top-speed,TOP SPEED,text
settings-tuning.help,HELP,text
settings-tuning.controller-presets.rc-rates,RC RATES,text
settings-tuning.screen-title,Controller Sensitivity,text
settings.profile-screen-dev.back.button,BACK,text
settings.profile-screen-dev.profile-name.label,FULL NAME,text
settings.profile-screen-dev.type-full-name.label,TYPE YOUR FULL NAME...,text
settings.profile-screen-dev.pilot-handle.label,PILOT HANDLE,text
settings.profile-screen-dev.email.label,EMAIL,text
settings.profile-screen-dev.type-your-email.label,TYPE YOUR EMAIL...,text
settings.profile-screen-dev.age.label,AGE,text
settings.profile-screen-dev.type-your-age.label,TYPE YOUR AGE...,text
settings.profile-screen-dev.gender.label,GENDER,text
settings.profile-screen-dev.gender.types,"MALE,FEMALE,UNDISCLOSED",text
settings.profile-screen-dev.country.label,COUNTRY,text
settings.profile-screen-dev.type-your-country.label,TYPE YOUR COUNTRY...,text
settings.profile-screen-dev.non-fpv-drone-skill.label,"HOW SKILLED ARE YOU AT FLYING NON-FPV DRONES?
(DJI, YUNEEC, 3DR, PARROT, ETC.)",text
settings.profile-screen-dev.non-fpv-drone-skill.types,"NEVER FLOWN,TRIED IT BUT LIMITED SKILLS,BASIC SKILLS,ADVANCED SKILLS,<PLEASE SELECT>",text
settings.profile-screen-dev.non-fpv-drone-years.label,YEARS OF EXPERIENCE FLYING NON-FPV DRONES,text
settings.profile-screen-dev.non-fpv-drone-years.types,"1,2,3,4,5+, <SELECT>",text
settings.profile-screen-dev.fpv-drone-skill.label,"HOW EXPERIENCED ARE YOU AT FLYING FPV DRONES?
(SHEN DRONES, ROTORX, LUMENIER, TBS, ETC.)",text
settings.profile-screen-dev.fpv-drone-skill.types,"NEVER FLOWN,TRIED IT BUT LIMITED SKILLS,BASIC SKILLS,ADVANCED SKILLS,<PLEASE SELECT>",text
settings.profile-screen-dev.fpv-drone-years.label,YEARS OF EXPERIENCE FLYING FPV DRONES,text
settings.profile-screen-dev.fpv-drone-years.types,"1,2,3,4,5+,<PLEASE SELECT>",text
settings.profile-screen-dev.fpv-drone-preference.label,WHAT TYPE OF FLYING DO YOU PREFER?,text
settings.profile-screen-dev.fpv-drone-preference.types,"FREESTYLE, RACING, BOTH,<PLEASE SELECT>",text
settings.profile-screen-dev.how-drl-watch.label,HOW DO YOU WATCH DRL?,text
settings.profile-screen-dev.how-drl-watch.types,"CABLE/SATELLITE,SOCIAL MEDIA,OTHER DIGITAL PLATFORMS,I DON'T WATCH DRL,<PLEASE SELECT>",text
settings.profile-screen-dev.have-you-ever-droned.label,HAVE YOU EVER TAKEN PART IN A REAL LIFE DRONE RACE?,text
settings.profile-screen-dev.have-you-ever-droned.types,"NO,YES,<PLEASE SELECT>",text
settings.profile-screen-dev.have-you-ever-built-drone.label,HAVE YOU EVER BUILT YOUR OWN RACING DRONE?,text
settings.profile-screen-dev.have-you-ever-built-drone.types,"NO,YES,<PLEASE SELECT>",text
settings.profile-screen-dev.are-you-member.label,ARE YOU A MEMBER OF MULTIGP?,text
settings.profile-screen-dev.are-you-member.types,"NO,YES,<PLEASE SELECT>",text
settings.profile-screen-dev.are-you-american.label,ARE YOU AN AMERICAN CITIZEN ?,text
settings.profile-screen-dev.are-you-american.types,"NO,YES,<PLEASE SELECT>",text
settings.profile-screen-dev.are-you-in-military.label,ARE YOU CURRENTLY ACTIVE DUTY OR RESERVES IN ANY BRANCH OF THE US MILITARY?,text
settings.profile-screen-dev.are-you-in-military.types,"NO,AIR FORCE,ARMY,COAST GUARD,MARINE CORPS,NATIONAL GUARD,NAVY, <PLEASE SELECT>",text
settings.profile-screen-dev.are-you-ama.label,ARE YOU AN AMA MEMBER (ACADEMY OF MODEL AERONAUTICS) ?,text
settings.profile-screen-dev.are-you-ama.label,"NO,YES,<PLEASE SELECT>",text
settings.profile-screen-dev.are-you-ama.types,"NO,YES,<PLEASE SELECT>",text
settings.profile-screen.field,FIELD,
settings.controller-map-screen.back.button,BACK,text
settings.controller-map-screen.left-stick-map.label,"MENU NAVIGATION
DRONE MANEAUVER",text
settings.controller-map-screen.right-stick-map.label,"MENU SELECTION / RETURN
DRONE MANEAUVER",text
settings.controller-map-screen.button-a-map.label,SELECT,text
settings.controller-map-screen.button-b-map.label,RETURN,text
settings.controller-map-screen.button-shoulder-1-map.label,"RESET GAME 
RESPAWN DRONE",text
settings.controller-map-screen.button-shoulder-2-map.label,UNFLIP DRONE,text
settings.controller-map-screen.button-center-map.label,PAUSE,text
settings.controller-map-screen.ps.left-stick-map.label,"MENU NAVIGATION
DRONE MANEAUVER",text
settings.controller-map-screen.ps.right-stick-map.label,"MENU SELECTION / RETURN
DRONE MANEAUVER",text
settings.controller-map-screen.ps.button-a-map.label,SELECT,text
settings.controller-map-screen.ps.button-b-map.label,RETURN,text
settings.controller-map-screen.ps.button-shoulder-1-map.label,"RESET GAME 
RESPAWN DRONE",text
settings.controller-map-screen.ps.button-shoulder-2-map.label,UNFLIP DRONE,text
settings.controller-map-screen.ps.button-center-map.label,PAUSE,text
settings.controller-map-screen.rc.left-stick-map.label,DRONE MANEAUVER,text
settings.controller-map-screen.rc.right-stick-map.label,DRONE MANEAUVER,text
settings.controller-map-screen.rc.button-a-map.label,SELECT,text
settings.controller-map-screen.rc.button-b-map.label,RETURN,text
settings.controller-map-screen.rc.button-shoulder-1-map.label,"RESET GAME 
RESPAWN DRONE",text
settings.controller-map-screen.rc.button-shoulder-2-map.label,UNFLIP DRONE,text
settings.controller-map-screen.rc.button-center-map.label,PAUSE,text
settings.controller-map-screen.nk.left-stick-map.label,"MENU NAVIGATION
DRONE MANEAUVER",text
settings.controller-map-screen.nk.right-stick-map.label,"MENU SELECTION (FLICK RIGHT)
RETURN (FLICK LEFT)
DRONE MANEAUVER",text
settings.controller-map-screen.nk.button-a-map.label,SELECT,text
settings.controller-map-screen.nk.button-b-map.label,RETURN,text
settings.controller-map-screen.nk.button-shoulder-1-map.label,"RESET GAME 
RESPAWN DRONE",text
settings.controller-map-screen.nk.button-shoulder-2-map.label,UNFLIP DRONE,text
settings.controller-map-screen.nk.button-center-map.label,PAUSE,text
settings.controller-calibration-screen.cancel.button,CANCEL,text
settings.controller-calibration-screen.save.button,SAVE,text
settings.controller-calibration-screen.left-stick-y.label,LEFT STICK UP AND DOWN:,text
settings.controller-calibration-screen.left-stick-y.types,"YAW,THROTTLE,ROLL,PITCH",text
settings.controller-calibration-screen.left-stick-x.label,LEFT STICK RIGHT AND LEFT:,text
settings.controller-calibration-screen.left-stick-x.types,"YAW,THROTTLE,ROLL,PITCH",text
settings.controller-calibration-screen.right-stick-y.label,RIGHT STICK UP AND DOWN:,text
settings.controller-calibration-screen.right-stick-y.types,"YAW,THROTTLE,ROLL,PITCH",text
settings.controller-calibration-screen.right-stick-x.label,RIGHT STICK RIGHT AND LEFT:,text
settings.controller-calibration-screen.right-stick-x.types,"YAW,THROTTLE,ROLL,PITCH",text
settings.controller-calibration-screen.mid-stick.label,MID-STICK,text
settings.controller-calibration-screen.deadzone.label,DEADZONE,text
settings.controller-calibration-screen.invert-left-stick-y.label,INVERT LEFT STICK UP AND DOWN:,text
settings.controller-calibration-screen.invert-left-stick-x.label,INVERT LEFT STICK RIGHT AND LEFT:,text
settings.controller-calibration-screen.invert-right-stick-y.label,INVERT RIGHT STICK UP AND DOWN:,text
settings.controller-calibration-screen.invert-right-stick-x.label,INVERT RIGHT STICK RIGHT AND LEFT:,text
settings.controller-calibration-screen.select-controller.label,MOVE THE CONTROLLER'S STICKS AROUND,text
settings.controller-calibration-screen.center-stick.label,CENTER BOTH STICKS. <color=#5EB300FF>THEN PRESS NEXT.</color>,text
settings.controller-calibration-screen.left-stick-x-calibration.label,MOVE THE LEFT STICK <color=red>ALL THE WAY</color> LEFT AND RIGHT.,text
settings.controller-calibration-screen.left-stick-y-calibration.label,MOVE THE LEFT STICK <color=red>ALL THE WAY</color> UP AND DOWN.,text
settings.controller-calibration-screen.right-stick-x-calibration.label,MOVE THE RIGHT STICK <color=red>ALL THE WAY</color> LEFT AND RIGHT.,text
settings.controller-calibration-screen.right-stick-y-calibration.label,MOVE THE RIGHT STICK <color=red>ALL THE WAY</color> UP AND DOWN.,text
settings.controller-calibration-screen.restart-race-button-selection.label,SELECT YOUR RACE RESTART <color=red>SWITCH</color> (OR PRESS SKIP),text
settings.controller-calibration-screen.flip-drone-button-selection.label,SELECT YOUR FLIPPED DRONE RESET <color=red>SWITCH</color> (OR PRESS SKIP),text
settings.controller-calibration-screen.deadzone-calibration.label,ADD DEADZONE IF YOUR CENTER STICK IS TOO SENSITIVE.,text
settings.controller-calibration-screen.help-message,"FOR CONTROLLER SUPPORT, PRESS THE <color=white>HELP</color> BUTTON",text
settings.controller-calibration-screen.exit,EXIT,text
settings.controller-calibration-screen.help,HELP,text
settings.settings-screen-title,Settings,text
settings.profile-screen-title,Profile,text
settings.profile-screen.player-data.button,PLAYER DATA,text
settings.profile-screen.progression-manual.button,ABOUT XP,text
settings.profile-screen.achievements.button,ACHIEVEMENTS,text
settings.controller-map-screen-title,Controller Map,text
settings.controller-callibration-screen.stick-detected,"STICK DETECTED, PRESS NEXT.",text
settings.controller-callibration-screen.wizard-complete,WIZARD COMPLETE! PRESS NEXT.,text
settings.controller-calibration-screen.help-message-2,"TO ASSIGN SWITCHES INSIDE YOUR TRANSMITTER, PRESS THE <color=white>HELP</color> BUTTON",text
settings.controller-custom.input-comp.input-list,"Not selected,Left stick X,Left stick Y,Right stick X,Left stick Y,Toggle switch A,Toggle switch B",text
settings.controller-custom.find-next,FIND NEXT,text
settings.controller-custom.gamepad-mode,GAMEPAD MODE,text
settings.controller-custom.gamepad.select-axis-or-button,Select Axis or Button,text
settings.controller-custom.gamepad.left-stick-vertical,Left Stick Vertical,text
settings.controller-custom.gamepad.left-stick-horizontal,Left Stick Horizontal,text
settings.controller-custom.gamepad.right-stick-vertical,Right Stick Vertical,text
settings.controller-custom.gamepad.right-stick-horizontal,Right Stick Horizontal,text
settings.controller-custom.gamepad.left-shoulder-1,Left Shoulder 1,text
settings.controller-custom.gamepad.left-shoulder-2,Left Shoulder 2,text
settings.controller-custom.gamepad.right-shoulder-1,Right Shoulder 1,text
settings.controller-custom.gamepad.right-shoulder-2,Right Shoulder 2,text
settings.controller-custom.gamepad.top-row-action-1,Top Row Action 1,text
settings.controller-custom.gamepad.top-row-action-2,Top Row Action 2,text
settings.controller-custom.gamepad.top-row-action-3,Top Row Action 3,text
settings.controller-custom.gamepad.bottom-row-action-1,Bottom Row Action 1,text
settings.controller-custom.gamepad.bottom-row-action-2,Bottom Row Action 2,text
settings.controller-custom.gamepad.bottom-row-action-3,Bottom Row Action 3,text
settings.controller-custom.gamepad.center-button-1,Center Button 1,text
settings.controller-custom.gamepad.center-button-2,Center Button 2,text
settings.controller-custom.gamepad.center-button-3,Center Button 3,text
settings.controller-custom.gamepad.left-stick-press,Left Stick Press,text
settings.controller-custom.gamepad.right-stick-press,Right Stick Press,text
settings.controller-custom.gamepad.dpad-up,DPad Up,text
settings.controller-custom.gamepad.dpad-down,DPad Down,text
settings.controller-custom.gamepad.dpad-left,DPad Left,text
settings.controller-custom.gamepad.dpad-right,DPad Right,text
settings.controller-custom.gamepad.none,None,text
settings.controller-custom.transmiter.select-axis-trigger,Select Axis or Trigger,text
settings.controller-custom.transmiter.left-stick-vertical,Left Stick Vertical,text
settings.controller-custom.transmiter.left-stick-horizontal,Left Stick Horizontal,text
settings.controller-custom.transmiter.right-stick-vertical,Right Stick Vertical,text
settings.controller-custom.transmiter.right-stick-horizontal,Right Stick Horizontal,text
settings.controller-custom.transmiter.reset-drone,Reset Drone,text
settings.controller-custom.transmiter.restart-race,Restart Race,text
settings.controller-custom.transmiter.none,None,text
settings.controller-custom.title,ADVANCED SETUP,text
settings.controller-custom.SDL2,USING SDL2 MODE,text
settings.controller-custom.XINPUT,USING XINPUT MODE,text
settings.controller-custom.disconnected,Disconnected,text
settings.profile-screen-dev.flight-time.label,FLIGHT TIME,text
settings.profile-screen-dev.hours,Hours,text
settings.profile-screen-dev.progression-week-rank-status-warning,COMPLETE A RACE TO JOIN YOUR RANKING,text
settings.profile-screen.dev.progression-level,LEVEL,text
settings.profile-screen.dev.progression-xp,XP,text
settings.profile-screen.dev.progression-streak,STREAK,text
settings.profile-screen.dev.race,RACE,text
settings.profile-screen.dev.progression-tier-rank,TIER RANK,text
settings.profile-screen.progression-days,D,text
settings.profile-screen.progression-hours,H,text
settings.profile-screen.progression-minutes,M,text
settings.profile-screen.progression-seconds,S,text
settings.profile-screen.dev.progression-tier-rank-finished,RANK FINISHED!,text
settings.profile-screen.dev.progression-wait,WAIT ...,text
settings.profile-screen.player-data.label,PERSONAL DATA,text
settings.profile-screen-dev.discard.button,DISCARD,text
settings.profile-screen-dev.save.button,SAVE,text
settings.achievements-screen-title,ACHIEVEMENT,text
settings.achievements.one.title,World Traveler,text
settings.achievements.1.locked.description,"Complete a race on all of the maps in the ""DRL Maps"" section",text
settings.achievements.1.unlocked.description,You are now a world traveler since you have flown all DRL maps,text
settings-menu.back,BACK,text
settings-menu.controller-setup,"CONTROLLER 
SETUP",text
settings-menu.controller-sesitivity,"CONTROLLER
SENSITIVITY",text
settings-menu.settings,OPTIONS,text
settings-menu.graphics,GRAPHICS,text
settings-menu.help,HELP,text
settings-menu.legal,LEGAL,text
progression.manual.intro.title,WHAT IS IT?,text
progression.manual.intro.field,"EXPERIENCE POINTS ARE A WAY TO TRACK
EXPLORE ALL DRL
TRACKS AND BATTLE OTHER PILOTS IN
MULTIPLAYER TO EARN EXPERIENCE POINTS
AND LEVEL UP!",text
progression.manual.xp-level.title,EXPERIENCE POINTS & LEVEL,text
progression.manual.xp-level.field,COMPLETE RACES TO EARN EXPERIENCE POINTS AND LEVEL BADGES. THIS WILL TRACK YOUR LONG TERM COMMITMENT TO BEING A TOP PILOT!,text
progression.manual.xp-where.title,WHERE ARE THE XP POINTS?,text
progression.manual.xp-where.field,"EARN THEM FLYING ALL OFFICIAL DRL AND
ORIGINAL TRACKS. CHOOSE THE HARDEST
ONES TO EARN THE MOST EXPERIENCE POINTS.
JOIN MULTIPLAYER RACES TO EARN EXTRA
POINTS BASED ON YOUR PERFORMANCE.",text
progression.manual.sp-info.title,STREAK POINTS,text
progression.manual.sp-info.field,"REMEMBER TO CONSISTENTLY PRACTICE WITH
A GOAL OF 3 MAPS PER DAY, WHICH EARNS YOU
1 STREAK POINT. RACK UP AS MANY STREAK
POINTS AS YOU CAN BY FLYING REGULARLY.
GOING 3 DAYS WITHOUT PLAYING WILL CAUSE A
1 POINT DROP IN YOUR STREAK POINTS. SHOW
YOUR RIVALS HOW DILIGENT YOU ARE!",text
progression.manual.ranking-info.title,WEEKLY RANKING,text
progression.manual.ranking-info.field,"COMPETE AGAINST FELLOW PILOTS TO SEE
WHO EARNS THE MOST XP EACH WEEK! YOU'LL
BE COMPETING AGAINST OTHER PLAYERS AND
THE TOP PILOTS WILL BE PROMOTED TO THE
NEXT BADGE LEVEL. STAYING COMMITTED WILL
HELP YOU MOVE UP TO THE NEXT LEVEL AND
ALSO PREVENT YOU FROM DROPPING TO THE
PREVIOUS LEVEL.
",text
progression.manual.badges-info.title,BADGES,text
progression.manual.badges-info.field,YOU WILL BE COMPETING FOR BOTH WEEKLY AND LONG TERM LEVEL BADGES. THE DRL SIM OFFERS A SET OF 10 WEEKLY BADGES AS WELL AS 20 LEVEL BADGES. IT WILL NOT BE EASY TO MAINTAIN YOUR WEEKLY BADGE WITH DILIGENCE AND CONSISTENCY BEING THE KEYS TO KEEPING YOUR BADGE AND NOT DROPPING DOWN A LEVEL.,text
progression.screen.title,PROGRESSION SYSTEM MANUAL,text
controller-profiles-menu.back,BACK,text
controller-profiles-menu.controller-map,CONTROLLER MAP,text
controller-profiles-menu.new-controller,NEW CONTROLLER,text
controller-profiles-menu.help,HELP,text
controller-profiles-menu.title,Add+Remove Controller,text
controller-profiles-menu.controller,CONTROLLER,text
achievements.screen.title,ACHIEVEMENTS,text
achievements.details.screen.title,DETAILS,text
achievements.achievement.drl.pilot.title,DRL SIM Pilot,text
achievements.achievement.drl.pilot.locked.description,Become a DRL Sim Pilot by completing your first race,text
achievements.achievement.drl.pilot.unlocked.description,"Now that you have completed a race, you are a DRL Sim pilot",text
achievements.achievement.drl.pilot.score,5,text
achievements.achievement.world.traveler.title,World Traveler,text
achievements.achievement.world.traveler.locked.description,"Complete a race on all of the maps in the ""DRL Maps"" section",text
achievements.achievement.world.traveler.unlocked.description,You are now a world traveler since you have flown all DRL maps,text
achievements.achievement.world.traveler@score,125,text
achievements.achievement.3.builder.title,"3"" Builder",text
achievements.achievement.3.builder.locked.description,"Create, save, and complete a race with your first custom 3"" drone",text
achievements.achievement.3.builder.unlocked.description,"With a successful race under your belt with your own custom drone, you are now a 3"" builder",text
achievements.achievement.3.builder@score,20,text
achievements.achievement.4.builder.title,"4"" Builder",text
achievements.achievement.4.builder.locked.description,"Create, save, and complete a race with your first custom 4"" drone",text
achievements.achievement.4.builder.unlocked.description,"With a successful race under your belt with your own custom drone, you are now a 4"" builder",text
achievements.achievement.4.builder@score,20,text
achievements.achievement.5.builder.title,"5"" Builder",text
achievements.achievement.5.builder.locked.description,"Create, save, and complete a race with your first custom 5"" drone",text
achievements.achievement.5.builder.unlocked.description,"With a successful race under your belt with your own custom drone, you are now a 5"" builder",text
achievements.achievement.5.builder@score,20,text
achievements.achievement.6.builder.title,"6"" Builder",text
achievements.achievement.6.builder.locked.description,"Create, save, and complete a race with your first custom 6"" drone",text
achievements.achievement.6.builder.unlocked.description,"With a successful race under your belt with your own custom drone, you are now a 6"" builder",text
achievements.achievement.6.builder@score,20,text
achievements.achievement.7.builder.title,"7"" Builder",text
achievements.achievement.7.builder.locked.description,"Create, save, and complete a race with your first custom 7"" drone",text
achievements.achievement.7.builder.unlocked.description,"With a successful race under your belt with your own custom drone, you are now a 7"" builder",text
achievements.achievement.7.builder@score,20,text
achievements.achievement.master.builder.title,Master Builder,text
achievements.achievement.master.builder.locked.description,"Create, save, and complete a race with a custom 3"", 4"", 5"", 6"", and 7"" drones",text
achievements.achievement.master.builder.unlocked.description,You are now a master drone builder as you have built and raced custom drones in all classes,text
achievements.achievement.master.builder@score,50,text
achievements.achievement.flight.master.title,Flight Master,text
achievements.achievement.flight.master.locked.description,"Complete a race on all DRL maps with at least one drone (3"", 4"", 5"", 6"", and 7"") from all classes ",text
achievements.achievement.flight.master.unlocked.description,You have shown a mastery of building and flying drones of all classes,text
achievements.achievement.flight.master@score,125,text
achievements.achievement.future.star.title,Future Star,text
achievements.achievement.future.star.locked.description,"Prepare for future Tryouts by completing all of the 2020 Tryouts tracks under the ""Drone Park"" map",text
achievements.achievement.future.star.unlocked.description,You are prepared for future Tryouts competitions,text
achievements.achievement.future.star@score,50,text
achievements.achievement.ace.title,Ace,text
achievements.achievement.ace.locked.description,Win 5 multiplayer races,text
achievements.achievement.ace.unlocked.description,"You have earned the ""Ace"" achievement for winning 5 multiplayer races",text
achievements.achievement.ace@score,200,text
achievements.achievement.angel.title,Angel,text
achievements.achievement.angel.locked.description,Complete a multiplayer race,text
achievements.achievement.angel.unlocked.description,"You have earned the ""Angel"" achievement for completing a multiplayer race",text
achievements.achievement.angel@score,10,text
achievements.achievement.captain.title,Captain,text
achievements.achievement.captain.locked.description,Complete all training missions in Quest 1,text
achievements.achievement.captain.unlocked.description,"You have successfully completed all Quest 1 missions to earn  the ""Captain"" achievement",text
achievements.achievement.captain@score,35,text
achievements.achievement.major.title,Major,text
achievements.achievement.major.locked.description,Complete all training missions in Quest 2,text
achievements.achievement.major.unlocked.description,"You have successfully completed all Quest 2 missions to earn  the ""Major"" achievement",text
achievements.achievement.major@score,45,text
achievements.achievement.colonel.title,Colonel,text
achievements.achievement.colonel.locked.description,Complete all training missions in Quest 3,text
achievements.achievement.colonel.unlocked.description,"You have successfully completed all Quest 3 missions to earn  the ""Colonel"" achievement",text
achievements.achievement.colonel@score,55,text
achievements.achievement.valedictorian.title,Valedictorian,text
achievements.achievement.valedictorian.locked.description,Complete all missions in all quests with a 5 star ranking on each one,text
achievements.achievement.valedictorian.unlocked.description,You are officially a valedictorian after completing all missions with a score of 5 stars,text
achievements.achievement.valedictorian@score,200,text
achievements.achievement.architect.title,Architect,text
achievements.achievement.architect.locked.description,Build 5 maps and set leaderboard times on each one,text
achievements.achievement.architect.unlocked.description,You are officially a DRL Sim architect after creating 5 maps,text
achievements.achievement.architect@score,1000,text
achievements.achievement.master.architect.title,Master Architect,text
achievements.achievement.master.architect.locked.description,Build 5 maps that have at least 20 unique leaderboard times each,text
achievements.achievement.master.architect.unlocked.description,You are officially a DRL Sim Master Architect after creating 5 maps that have 20 unique leaderboard entries each,text
achievements.achievement.master@score,"",text
achievements.achievement.king.hill.title,King of the Hill,text
achievements.achievement.king.hill.locked.description,Win 5 tournaments,text
achievements.achievement.king.hill.unlocked.description,You are officially a king of the hill now that you have won 5 tournaments,text
achievements.achievement.king.hill@score,"",text
game.hotkeys.reset-drone,RESET DRONE,text
game.hotkeys.standings,STANDINGS,text
game.hotkeys.restart,RESTART,text
game.hotkeys.chat,CHAT,text
game.hotkeys.menu,MENU,text
game.hotkeys.forfeit,FORFEIT,text
game.hotkeys.hotkey,HOTKEYS,text
game.password,PASSWORD,text
game.bots,BOTS,text
game-race-overview-screen.back,BACK,text
game-race-overview-screen.help,HELP,text
game-race-overview-screen.race-complete,RACE COMPLETE !,text
game-race-overview-screen.total-time,TOTAL TIME:,text
game-race-overview-screen.total-crashes,CRASHES/RESETS:,text
game-race-overview-screen.top-speed,TOP SPEED:,text
game-race-overview-screen.crash-rebuild,CRASH REBUILD,text
game-race-overview-screen.restart,RESTART,text
game-race-overview-screen.maps,MAPS,text
game-race-overview-screen.watch,WATCH,text
game-race-overview-screen.time-in-first,TIME IN FIRST:,text
game-race-overview-screen.percentile,PERCENTILE:,text
game-race-overview-screen.fastest,FASTEST,text
game-race-overview-screen.slowest,SLOWEST,text
game-race-overview-screen.lap,LAP,text
game-race-overview-screen.game-complete,GAME COMPLETE !,text
game-race-complete-screen.restart,RESTART,text
game-race-complete-screen.exit,EXIT,text
game-race-complete-screen.next,NEXT,text
game-race-complete-screen.spectate,SPECTATE,text
game-race-complete-screen.vote-next-race,VOTE FOR NEXT RACE,text
game-race-complete-screen.wait,WAIT,text
game-race-complete-screen.settings,SETTINGS,text
game-viewer-controls-screen.info.time,TIME,text
game-viewer-controls-screen.controls.hide-on-play,HIDE ON PLAY,text
game-viewer-controls-screen.controls.playback-camera,"FPV, EXTERNAL, ORBIT",text
game-viewer-controls-screen.controls.controller,CONTROLLER,text
game-viewer-controls-screen.controls.race-stats,RACE STATS,text
game-viewer-controls-screen.nav.settings,SETTINGS,text
game-viewer-controls-screen.nav.exit,EXIT,text
game-viewer-controls-screen.controls.show-player-name,PLAYER NAME,text
game-viewer-controls-screen.controls.camera.fpv-label,FPV,text
calibration.screen.profiles.title,Add+Remove Controller,text
calibration.footer.nohardware,NO HARDWARE,text
calibration.footer.needscalibration,PLEASE CALIBRATE,text
calibration.profiles.map,CONTROLLER MAP,text
calibration.profiles.new,NEW CONTROLLER,text
calibration.profiles.help,HELP,text
calibration.profiles.controller,Controller ,text
calibration.deadzone,DEADZONE,text
calibration.delete,DELETE,text
calibration.next,NEXT,text
calibration.skip,SKIP,text
calibration.main.calibration-mode,CALIBRATION MODE,text
calibration.main.auto,QUICK CALIBRATION,text
calibration.main.manual,MANUAL CALIBRATION,text
calibration.main.calibration-info,SELECTING A CALIBRATION OPTION WILL OVERWRITE ANY SAVED PROFILE FOR SELECTED CONTROLLER,text
calibration.main.trim-title,FINE-TUNE MODE,text
calibration.main.trim,INPUT TRIM,text
calibration.main.channels,CHANNEL SELECTION,text
calibration.main.trim-info,THESE OPTIONS ALLOW TO FINE TUNE THE CALIBRATION AND ARE AVAILABLE ONLY FOR ALREADY CALIBRATED CONTROLLERS,text
calibration.main.drone-message,ASSEMBLING DRONE...,text
calibration.main.selection,NONE,text
calibration.back,BACK,text
calibration.help,HELP,text
calibration.save,SAVE,text
calibration.calibrate,CALIBRATE,text
calibration.sensitivity,SENSITIVITY,text
calibration.center-step.info,KEEP STICKS CENTERED UNTIL COUNTDOWN COMPLETES,text
calibration.center-step.pre-info,"CENTER YOUR STICKS AND PRESS ""CALIBRATE"" TO START",text
calibration.center-step.title,CENTRALIZE STICKS,text
calibration.throttle-step-up.info,<color=green>THROTTLE STICK UP</color>,text
calibration.throttle-step-down.info,<color=green>THROTTLE STICK DOWN</color>,text
calibration.throttle-step.title,THROTTLE CHANNEL,text
calibration.yaw-step-right.info,<color=green>YAW STICK RIGHT</color>,text
calibration.yaw-step-left.info,<color=green>YAW STICK LEFT</color>,text
calibration.yaw-step.title,YAW CHANNEL,text
calibration.pitch-step-up.info,<color=green>PITCH STICK UP</color>,text
calibration.pitch-step-down.info,<color=green>PITCH STICK DOWN</color>,text
calibration.pitch-step.title,PITCH CHANNEL,text
calibration.roll-step-right.info,<color=green>ROLL STICK RIGHT</color>,text
calibration.roll-step-left.info,<color=green>ROLL STICK LEFT</color>,text
calibration.roll-step.title,ROLL CHANNEL,text
calibration.toggle-a-step.info,TOGGLE THE <color=green>RACE RESTART</color> SWITCH,text
calibration.toggle-a-step.title,RACE RESTART SWITCH,text
calibration.toggle-b-step.info,TOGGLE THE <color=green>DRONE RESET</color> SWITCH,text
calibration.toggle-b-step.title,DRONE RESET SWITCH,text
calibration.filter-step.info,ROTATE STICKS TO FILTER ACTIVE CHANNELS,text
calibration.filter-step.title,CHANNEL FILTERING,text
calibration.channels.title,CHANNEL SELECTION,text
calibration.channels.info,ASSIGN AXES TO ACTIVE CHANNELS,text
calibration.trim.throttle,THROTTLE,text
calibration.trim.pitch,PITCH,text
calibration.trim.yaw,YAW,text
calibration.trim.roll,ROLL,text
calibration.trim.mid-stick,MID-STICK,text
calibration.trim.invert,INVERT,text
calibration.trim.reset,RESET,text
calibration.trim.slider-mid,MID,text
calibration.trim.slider-min,MIN,text
calibration.trim.slider-max,MAX,text
calibration.trim.slider-zero,0 THROTTLE,text
calibration.trim.slider-deadzone,DEADZONE,text
calibration.channel.button,BUTTON,text
calibration.channel.channel,CHANNEL,text
calibration.channel.midstick,MID-STICK,text
calibration.channel.invert,INVERT,text
calibration.channel.dropdown,"NONE,THROTTLE,YAW,PITCH,ROLL,RESTART,RESET",text
calibration.pause-step.info,BRING YOUR STICKS BACK TO CENTER,text
calibration.no-hardware,HARDWARE NOT CONNECTING?,text
maps.gates-of-hell.caption,GATES OF NEW YORK,text
maps.gates-of-hell.title,Gates of New York,text
maps.gates-of-hell.description,"DRL 2016 - LEVEL 1
An abandoned power station on the banks of the Hudson River known for its rusted walls, crumbling structure, and history of violence.",text
maps.sandbox.caption,DRL SANDBOX,text
maps.sandbox.title,DRL Sandbox,text
maps.sandbox.description,"DRL DEBUG LEVEL
Development level used to create and test new features.",text
maps.airplane-graveyard.caption,OUT OF SERVICE,text
maps.airplane-graveyard.title,Out of Service,text
maps.airplane-graveyard.description,"DRL ORIGINALS
An abandoned airport in the desert, enjoy!",text
maps.house.caption,THE HOUSE,text
maps.house.title,The House,text
maps.house.description,"DRL ORIGINALS
Hone your micro-drone skills in the most challenging environment yet. Maneuver through tight spaces and see if you have what it takes to master flying indoors without breaking any of mom’s things.",text
maps.bridge.caption,BRIDGE,text
maps.bridge.title,Bridge,text
maps.bridge.description,"DRL ORIGINALS
Welcome to the world of DRL. Featuring the original gravity-defying gate, this level is jam-packed with vertical elements, steel obstacles, ocean dives and unforgiving rock faces.",text
maps.bell-labs.caption,PROJECT MANHATTAN,text
maps.bell-labs.title,Project Manhattan,text
maps.bell-labs.description,"DRL 2016 - LEVEL 4
This level pits the world’s best drone pilots against a new generation as they race through the original tech startup: Bell Works.",text
maps.detroit.caption,DETROIT,text
maps.detroit.title,Detroit,text
maps.detroit.description,"DRL 2016 - LEVEL 6
The former Cadillac Stamping Plant in Detroit hosts the culminating race of the 2016 season. Qualifying pilots must fight for first to see who will be crowned the DRL 2016 Champions.",text
maps.lapocalypse.caption,L.A.POCALYPSE,text
maps.lapocalypse.title,L.A.pocalypse,text
maps.lapocalypse.description,"DRL 2016 - LEVEL 3
An abandoned venue – a 40-acre relic of 70’s suburban excess. Twenty top drone pilots take over a post-apocalyptic abandoned mall in Los Angeles, racing at 80 mph through artifacts of a bygone era.",text
maps.miami-lights.caption,MIAMI LIGHTS,text
maps.miami-lights.title,Miami Lights,text
maps.miami-lights.description,"DRL 2016 - LEVEL 2
The Drone Racing League’s season-opener took place at NFL’s Sun Life stadium, transformed into the fastest three-dimensional course ever created for FPV drone racing.",text
maps.ohio-crash-site.caption,OHIO CRASHSITE,text
maps.ohio-crash-site.title,"Ohio
Crashsite",text
maps.ohio-crash-site.description,"DRL 2016 - LEVEL 5
Somewhere in Ohio, rumors of a UFO have begun to spread. Now drone pilots wage war in the wreckage of what can only be described as an extraterrestrial spaceship.",text
maps.atlanta-aftermath.caption,ATLANTA AFTERMATH,text
maps.atlanta-aftermath.title,Atlanta Aftermath,text
maps.atlanta-aftermath.description,"DRL 2017 - LEVEL 2
This level took place in an emergency response and disaster training center, and featured both razor sharp turns and straight sprints that made it the most technical racecourse to date.",text
maps.boston-foundry.caption,BOSTON FOUNDRY,text
maps.boston-foundry.title,"Boston
Foundry",text
maps.boston-foundry.description,"DRL 2017 - LEVEL 4
A level made of steel and fire, this level was the final event of the 2017 regular season. Pilots faced long dark corridors, hulking machinery and hairpin turns in every direction.",text
maps.london.caption,2017 WORLD CHAMPIONSHIP,text
maps.london.title,2017 World Championship,text
maps.london.description,"DRL 2017 - LEVEL 6
For the championship event at the iconic Alexandra Palace, pilots raced a round robin format to determine the final six. They then battled through the seven most important heats of their lives to crown the DRL 2017 World Champion. The best drone pilot in the world.",text
maps.mardi-gras.caption,MARDI GRAS WORLD,text
maps.mardi-gras.title,"Mardi Gras 
World",text
maps.mardi-gras.description,"DRL 2017 - LEVEL 3
This level brought the pilots to New Orleans for DRL’s most colorful course yet. Pilots sped between, over, and around the elaborate floats used in the famous Mardi Gras parade on a course that favored pilots unafraid to take risks in tight spaces.",text
maps.miami-nights.caption,HARD ROCK STADIUM,text
maps.miami-nights.title,Hard Rock Stadium,text
maps.miami-nights.description,"DRL 2019 - LEVEL 1
Held at the stadium of the Miami Dolphins NFL team. Featuring the fastest DRL course ever designed with extreme ascents and gut wrenching dives, it tested the limits of speed and performance.",text
maps.munich-playoffs.caption,MUNICH PLAYOFFS,text
maps.munich-playoffs.title,"Munich
Playoffs",text
maps.munich-playoffs.description,"DRL 2017 - LEVEL 5
An insane course built into a former motorcycle factory in the center of Bavaria’s capital city, the unforgiving racecourse through graffiti-covered cement eliminated all but this season’s very best pilots.",text
maps.california-nights.caption,CALIFORNIA NIGHTS,text
maps.california-nights.title,California Nights,text
maps.california-nights.description,"DRL 2018 - LEVEL 1
The first race of the 2018 season, brings on the most technical drone racing course ever designed with obstacles across multiple warehouse spaces, extreme dives, hairpins, and technical slaloms.",text
maps.skatepark-la.caption,SKATEPARK LA,text
maps.skatepark-la.title,Skatepark LA,text
maps.skatepark-la.description,"DRL 2018 - LEVEL 2
The second race, Skatepark LA, brings the pilots to Woodward West, one of the largest private skating and gymnastics facilities in the United States. ",text
maps.biosphere.caption,BIOSPHERE 2,text
maps.biosphere.title,Biosphere 2,text
maps.biosphere.description,"DRL 2018 - LEVEL 3
The first DRL race to take place both inside and outside. Pilots fly vertically over Biosphere’s highest tower before turning inside and passing through several scientifically sustained ecosystems.",text
maps.adventuredome.caption,ADVENTUREDOME,text
maps.adventuredome.title,Adventuredome,text
maps.adventuredome.description,"DRL 2018 - LEVEL 4
Flying through roller coasters is a pilot’s dream, and the Adventuredome coasters in Las Vegas are truly unforgiving.",text
maps.allianz-riviera.caption,ALLIANZ RIVIERA,text
maps.allianz-riviera.title,Allianz Riviera,text
maps.allianz-riviera.description,"DRL 2018 - LEVEL 5
Allianz Riviera stadium features the most extreme ascents in the 2018 season, followed by gut wrenching dives, and long straights that push the Racer3 drones to their highest speeds yet.

©Allianz Riviera - ®Cabinet d'architecture Wilmotte & Associés S.A.",text
maps.bmw-welt.caption,BMW WELT,text
maps.bmw-welt.title,BMW Welt,text
maps.bmw-welt.description,"DRL 2018 - LEVEL 6
Located in Munich, Germany the BMW Welt is the last regular event of the season where the drones fly top-speed through some of the world’s most beautiful and most expensive cars.",text
maps.championship-kingdom.caption,CHAMPIONSHIP KINGDOM,text
maps.championship-kingdom.title,Championship Kingdom,text
maps.championship-kingdom.description,"DRL 2018 - LEVEL 7
Temperatures rise in the final map of the 2018 season. This is the most vertical course of the season, pilots have to fly over and past three high-rises.",text
maps.physics-room.caption,PHYSICS ROOM,text
maps.physics-room.title,Physics Room,text
maps.physics-room.description,"DRL DEBUG LEVEL
Development level used to perform specific physics test.",text
maps.field.caption,THE FIELD,text
maps.field.title,The Field,text
maps.field.description,"DRL ORIGINALS
Grass, grass everywhere...",text
maps.simple-courses.caption,SIMPLE COURSES,text
maps.simple-courses.title,Simple Courses,text
maps.simple-courses.description,FPV Walkthrough,text
maps.multigp.caption,MULTIGP,text
maps.multigp.title,MultiGP,text
maps.multigp.description,The Competition,text
maps.choose-map,Choose Map,text
maps.card.fly-freestyle-card,FREESTYLE,text
maps.card.fly-race-card,RACE,text
maps.card.community-maps-card,"COMMUNITY
TRACKS",text
maps.card.simple-courses-card,SIMPLE COURSES,text
maps.card.multigp-card,MULTIGP,text
maps.card.drl-card,DRL MAPS,text
maps.card.mega-maps-card,ORIGINALS,text
maps.community.title,Community tracks,text
maps.card.field-desc,ALL THE TRACKS,text
maps.megamaps.title,ORIGINALS,text
maps.drone-park.description,A futuristic drone arena in the middle of the city.,text
maps.usaf.caption,U.S. AIR FORCE BONEYARD,text
maps.usaf.title,"U.S. AIR FORCE
BONEYARD",text
maps.usaf.description,"The boneyard at Davis-Monthan Air Force Base, the world's largest military aircraft maintenance facility, is home to thousands of decommissioned aircraft. Although this map is not an exact replica of the real boneyard, it has hundreds of planes including KC-135 Stratotankers, F-15E Strike Eagles and A-10 Thunderbolt II ""Warthogs"" to fly over and explore.",text
maps.card.featured-tracks-card,"FEATURED
TRACKS",text
maps.featured-tracks.title,"FEATURED
TRACKS",text
maps.card.favorite-maps-card,"FAVORITE
TRACKS",text
maps.card.favorite-maps-card.status,NO TRACKS MARKED AS FAVORITE,text
maps.drl-maps.title,DRL MAPS,text
maps.overview.title,FAVORITE TRACKS,text
maps.favorite-maps.title,FAVORITE TRACKS,text
maps.favorite-maps.caption,FAVORITE TRACKS,text
maps.favorite-maps.description,FAVORITE TRACKS,text
maps.virtual-season.title,VIRTUAL SEASON,text
maps.virtual-season.desc,VIRTUAL SEASON,text
maps.sim-cup.title,SIM CUP,text
maps.sim-cup.caption,SIM CUP,text
maps.campground.caption,CAMPGROUND,text
maps.campground.title,CAMPGROUND,text
maps.camprground.desc,"A sprawling campsite, surrounded by mountains, where you can explore a lake, abandoned train tracks, a ski lift, forests, and bridges.",text
maps.drone-park.title,DRONE PARK,text
maps.drone-park.caption,DRONE PARK,text
maps.card.usaf-card,U.S. AIR FORCE,text
maps.card.usaf-card.subtitle,RACE TRACKS,text
maps.card.usaf-card.title,"U.S. AIR FORCE
RACE TRACKS",text
maps.usaf-night-mode.caption,U.S. AIR FORCE NIGHT MODE,text
maps.usaf-night-mode.title,"U.S. AIR FORCE 
NIGHT MODE",text
maps.card.allianz-card,ALLIANZ,text
maps.sd-drl-maps.title,S&D DRL TRACKS,text
maps.sd-community-maps-card.title,S&D COMMUNITY TRACKS,text
map.map-overview.back,BACK,text
map.map-overview.next,NEXT,text
map.map-track-card.course-length.label,COURSE LENGTH,text
map.map-track-card.difficulty.label,DIFFICULTY,text
map.map-track-cards.difficulty.types,"EASY, MEDIUM, HARD",text
map.maps-screen.back,BACK,text
map.map-track-cards.difficulty.easy,EASY,text
map.map-track-cards.difficulty.medium,MEDIUM,text
map.map-track-cards.difficulty.hard,HARD,text
map.maps-screen.season-2016,2016 SEASON,text
map.maps-screen.season-2017,2017 SEASON,text
map.maps-screen.season-2018,2018 SEASON,text
map.map-track-card.xp.label,XP,text
map-editor.header.action,ACTION,text
map-editor.header.navigate,NAVIGATE,text
map-editor.header.orbit,ORBIT,text
map-editor.header.pan,PAN,text
map-editor.header.select,SELECT,text
map-editor.header.move,MOVE,text
map-editor.header.rotate,ROTATE,text
map-editor.header.scale,SCALE,text
map-editor.header.scene,SCENE,text
map-editor.header.race,RACE,text
map-editor.game-type.labels,"FREESTYLE,RACE",text
map-editor.game-play.saving,SAVING...,text
map-editor.editor-settings.settings,SETTINGS,text
map-editor.editor-exit.exit,EXIT,text
map-editor.assets-category-0.labels,"ENVIRONMENT,RACE, TOOLS",text
map-editor.assets-category-1.race.labels,"ALL,DRL,INFLATABLES,MARKERS,MISSIONS,MULTIGP,REGIONALS,NEON,OTHERS",text
map-editor.assets-category-1.environment.labels,"ALL,MISC,VEHICLES,NATURE,ROCKS,PRIMITIVES",text
map-editor.map-distance.track,TRACK,text
map-editor.gizmo-grid-state.labels,"OFF,2X,3X,4X,5X",text
map-editor.snap-move.snap,SNAP,text
map-editor.snap-rotate.snap,SNAP,text
map-editor.footer.rulers.toggle,RULERS,text
map-editor.footer.grid,GRID,text
map-editor.footer.off,OFF,text
map-editor.me-input-camera-fly,Fly,text
map-editor.me-input-camera-orbit,Orbit,text
map-editor.me-input-camera-pan,Pan,text
map-editor.me-increase-rate,Fast,text
map-editor.me-race-layout,Race Layout,text
map-editor.me-scene-layout,Scene Layout,text
map-editor.me-hide-ui,Hide UI,text
map-editor.me-entity-actions,Actions,text
map-editor.me-entity-focus,Focus,text
map-editor.me-entity-clone,Clone,text
map-editor.me-camera-fly-move,Move,text
map-editor.me-entity-trs-move,Move,text
map-editor.me-entity-trs-rotate,Rotate,text
map-editor.me-entity-trs-scale,Scale,text
map-editor.me-camera-orbit-rotate,Rotate,text
map-editor.me-camera-orbit-distance,Distance,text
map-editor.me-preview-drop,Drop,text
map-editor.me-preview-switch,Switch,text
map-editor.me-preview-distance,Distance,text
map-editor.me-preview-angle,Angle,text
map-editor.me-preview-reset,Reset,text
map-editor.me-preview-align-onoff,Align,text
map-editor.me-metric-snap-onoff,SNAP,text
map-editor.me-metric-snap-move-onoff,SNAP,text
map-editor.me-stats-target-mode,MODE,text
map-editor.footer.gizmo-grid-state,"OFF, 2X, 3X, 4X, 5X",text
map-editor.map-attribs.category.labels,"COMMON,DRL,MULTIGP",text
map-editor.map-attribs.difficulty,DIFFICULTY,text
map-editor.map-attribs.difficulty.labels,"BASIC,EASY,MEDIUM,HARD",text
map-editor.map-attribs.laps,LAPS,text
map-editor.map-attribs.lighting,LIGHTING,text
map-editor.map-attribs.lighting.labels,"CLOUDY,SUNRISE,NIGHT,SUNNY",text
map-editor.inspector.map-visibility.public,PUBLIC,text
map-editor.inspector.map-visibility.label,VISIBILITY,text
map-editor.inspector.map-visibility.private,PRIVATE,text
map-editor.inspector.allow-copy.toggle,ALLOW COPY,text
map-editor.choose-base-map,CHOOSE BASE MAP,text
map-editor.community-maps,COMMUNITY TRACKS,text
map-editor.community-maps.delete,DELETE,text
map-editor.community-maps.edit,EDIT,text
map-editor.community-maps.add,ADD,text
map-editor.community-maps.fly,FLY,text
map-editor.community-maps.new,NEW TRACK,text
map-editor.community-maps.menu.sort.labels,"MY TRACKS,TOP RATED,MOST VOTED,OLDEST,NEWEST,JUST UPDATED,FEATURED",text
map-editor.community-maps.menu.difficulty.labels,"ALL,BASIC,EASY,MEDIUM,HARD",text
map-editor.community-maps.difficulty.basic,BASIC,text
map-editor.community-maps.difficulty.easy,EASY,text
map-editor.community-maps.difficulty.medium,MEDIUM,text
map-editor.community-maps.difficulty.hard,HARD,text
map-editor.community-maps.clone,CLONE,text
map-editor.community-maps.no-maps,NO TRACKS,text
map-editor.community-maps.search-maps,TYPE @USER OR TRACK NAME...,text
map-editor.community-maps.difficulty.label,DIFFICULTY,text
map-editor.community-maps.map.label,TRACK,text
map-editor.right.property.tab,PROPERTIES,text
map-editor.right.library.tab,LIBRARY,text
map-editor.undo.button,UNDO,text
map-editor.redo.button,REDO,text
map-editor.inspector.map-title.caption,SEARCH...,text
map-editor.previous.button,PREVIOUS,text
map-editor.next.button,NEXT,text
map-editor.footer.grid.toggle.field,GRID,text
map-editor.inspector.start-sim,START SIMULATION,text
map-editor.inspector.stop-sim,STOP SIMULATION,text
map-editor.inspector.snap-to-ground,SNAP TO GROUND,text
map-editor.header.pivot.local.label,LOCAL,text
map-editor.header.pivot.global.label,GLOBAL,text
map-editor.header.physics.toggle.label,PHYSICS,text
map-editor.game-test.race,RACE,text
map-editor.inspector.properties.arena,ARENA,text
map-editor.game-test.freestyle,FREESTYLE,text
map-editor.inspector.properties.dome-style,DOME STYLE,text
map-editor.inspector.properties.arena-style-walls,ARENA STYLE A(WALLS),text
map-editor.inspector.properties.arena-style-ground,ARENA STYLE B(GROUND),text
map-editor.inspector.params,PARAMS,text
map-editor.inspector.timing,TIMING,text
map-editor.inspector.auto-save,AUTO SAVE,text
map-editor.inspector.save,SAVE,text
map-editor.game-test.replay,REPLAY,text
map-editor.inspector.base-assets.label,BASE ASSETS,text
map-editor.inspector.physics.up,UP,text
map-editor.inspector.physics.up,DOWN,text
map-editor.inspector.physics.fwd,FWD,text
map-editor.assets-category.environment.label,ENVIRONMENT,text
map-editor.assets-category.race.label,RACE,text
map-editor.assets-category.tools.label,TOOLS,text
map-editor.assets-category.all.label,All,text
map-editor.assets-category.misc.label,Misc,text
map-editor.assets-category.vehicles.label,Vehicles,text
map-editor.assets-category.nature.label,Nature,text
map-editor.assets-category.rocks.label,Rocks,text
map-editor.assets-category.primitives.label,Primitives,text
map-editor.assets-category.grid.label,Grid,text
map-editor.assets-category.path.label,Path,text
map-editor.assets-category.debug.label,Debug,text
map-editor.assets-category.official.label,OFFICIAL,text
map-editor.assets-category.drl.label,DRL,text
map-editor.assets-category.inflatables.label,Inflatables,text
map-editor.assets-category.markers.label,MARKERS,text
map-editor.assets-category.missions.label,MISSIONS,text
map-editor.assets-category.multigp.label,MULTIGP,text
map-editor.assets-category.regional.label,REGIONAL,text
map-editor.assets-category.neon.label,NEON,text
map-editor.assets-category.others.label,OTHERS,text
tryouts.onboarding.welcome,"WELCOME TO THE 2018 SWATCH DRL TRYOUTS, 
A GLOBAL COMPETITION, OPEN TO ANYONE 18 YEARS OR OLDER. ",text
tryouts.onboarding.explanation,"Pilots compete for the fastest aggregate time across five maps from the 2017 DRL Season. Be one of the Top 24 fastest pilots at the end of the online tryouts and earn your place in DRL's in-person live eSports competition taking place in early 2018.

The single fastest competitor at the live eSports tournament will be crowned the 2018 Swatch DRL Tryouts Champion and offered a contract worth $75,000 to fly in the 2018 DRL season as the Official Swatch Pilot. 

Want to go from player to pilot? Now's your chance. Enter the Tryouts and you may be DRL's next professional pilot. ",text
tryouts.onboarding.terms-advert,"Pilots who are eligible for participation in the in-person live eSports competition will be responsible for their own travel and accommodations. No purchase necessary to win. Void where prohibited by law. For additional terms and conditions & official rules, please click <color=#F5A623FF> RULES </color>.",text
tryouts.onboarding.ended-msg,TRYOUTS<color=#FF0000> ENDED </color> AT <color=#F5A623FF>01/15/2018 - 23:59:59 PST</color>,text
tryouts.onboarding.rules-btn,RULES,text
tryouts.onboarding.next-btn,NEXT,text
tryouts.onboarding.back-btn,BACK,text
tryouts.onboarding.title,Onboarding,text
tryouts.onboarding.video.label,CONGRATULATIONS TO HALOWALKER ON WINNING DRL TRYOUTS 2021,text
tryouts.title,TRYOUTS,text
tryouts.results,RESULTS,text
multiplayer.multiplayer-lobby-screen.back.button,BACK,text
multiplayer.multiplayer-lobby-screen.exit.button,EXIT,text
multiplayer.multiplayer-lobby-screen.best-region.label,BEST REGION,text
multiplayer.multiplayer-lobby-screen.europe.label,EUROPE,text
multiplayer.multiplayer-lobby-screen.north-america.label,NORTH AMERICA,text
multiplayer.multiplayer-lobby-screen.asia.label,ASIA,text
multiplayer.multiplayer-lobby-screen.local-network.label,LOCAL NETWORK,text
multiplayer.multiplayer-lobby-screen.server-types.types,"EUROPE,US EAST,ASIA,BEST REGION",text
multiplayer.multiplayer-lobby-screen.game-type.types,"FREESTYLE,RACE,CAMPAIGN",text
multiplayer.multiplayer-lobby-screen.create-room.button,CUSTOM ROOM,text
multiplayer.multiplayer-lobby-screen.search-caption.label,SEARCH...,text
multiplayer.multiplayer-lobby-screen.create-server.button,CREATE SERVER,text
multiplayer.multiplayer-lobby-screen.stop-server.button,STOP SERVER,text
multiplayer.multiplayer-lobby-screen.enter-ip-caption.label,ENTER IP ADDRESS...,text
multiplayer.multiplayer-lobby-screen.connect.button,CONNECT,text
multiplayer.multiplayer-lobby-screen.disconnect.button,DISCONNECT,text
multiplayer.multiplayer-lobby-screen.no-rooms-found.label,NO ROOMS FOUND,text
multiplayer.multiplayer-lobby-screen.connecting.label,CONNECTING...,text
multiplayer.multiplayer-lobby-screen.no-matches-available.label,NO MATCHES AVAILABLE,text
multiplayer.multiplayer-lobby-screen.searchinb-matches.label,SEARCHING MATCHES...,text
multiplayer.multiplayer-lobby-screen.creating-room.label,CREATING ROOM...,text
multiplayer.multiplayer-lobby-screen.creating-server.label,CREATING SERVER...,text
multiplayer.multiplayer-lobby-screen.stopping-server.label,STOPPING SERVER...,text
multiplayer.multiplayer-lobby-screen.operation-failure.label,OPERATION FAILURE,text
multiplayer.multiplayer-room-screen.back.button,BACK,text
multiplayer.multiplayer-room-screen.settings.button,SETTINGS,text
multiplayer.multiplayer-room-screen.name-caption.label,NAME...,text
multiplayer.multiplayer-room-screen.map-vote.label,MAP VOTE,text
multiplayer.multiplayer-room-screen.map-vote.options,"OFF,ALL,RANDOM,BASIC,EASY,MEDIUM,HARD,MULTIGP,DRL,FEATURED",text
multiplayer.multiplayer-room-screen.privacy.labels,"PUBLIC,PRIVATE",text
multiplayer.multiplayer-room-screen.map.label,MAP,text
multiplayer.multiplayer-room-screen.map-2016-world-championship.label,2016 WORLD CHAMPIONSHIP,text
multiplayer.multiplayer-room-screen.track.label,TRACK,text
multiplayer.multiplayer-room-screen.track-confirm.label,CONFIRM NOR DENY,text
multiplayer.multiplayer-room-screen.drone-name.label,DRONE NAME,text
multiplayer.multiplayer-room-screen.write-here-caption.label,WRITE HERE...,text
multiplayer.multiplayer-room-screen.start.button,START,text
multiplayer.multiplayer-room-screen.spectate.button,SPECTATE,text
multiplayer.multiplayer-room-screen.ready-toggle.label,READY,text
multiplayer.multiplayer-lobby-screen.waiting-for-players.label,WAITING FOR PLAYERS...,text
multiplayer.multiplayer-lobby-screen.players-in-queue.label,PLAYERS IN QUEUE,text
multiplayer.multiplayer-lobby-screen.race-starts-in.label,RACE STARTS IN,text
multiplayer.multiplayer-lobby-screen.race-locked-with.label,RACE LOCKED WITH,text
multiplayer.multiplayer-lobby-screen.starting-game.label,STARTING GAME...,text
multiplayer.multiplayer-lobby-screen.players.label,PLAYERS. ,text
multiplayer.multiplayer-lobby-screen.quick-race.label,RACE,text
multiplayer.multiplayer-lobby-screen.quick-freestyle.label,FREESTYLE,text
multiplayer.multiplayer-lobby-screen.quick-race-desc.label,HEADS UP RACING,text
multiplayer.multiplayer-lobby-screen.quick-freestyle-desc.label,FLIPFLOPS & FRIENDS,text
multiplayer.multiplayer-room-screen.class.labels,"ALL,3'',4'',5'',6'',7"",SPECIFIC",text
multiplayer.multiplayer-room-screen.class,CLASS,text
multiplayer.multiplayer-room-screen.title,Lobby,text
multiplayer.multiplayer-lobby-screen.title,Lobby,text
multiplayer.regions.asia,ASIA,text
multiplayer.regions.australia,AUSTRALIA,text
multiplayer.regions.east-canada,EAST CANADA,text
multiplayer.regions.europe,EUROPE,text
multiplayer.regions.india,INDIA,text
multiplayer.regions.japan,JAPAN,text
multiplayer.regions.south-korea,SOUTH KOREA,text
multiplayer.regions.auto,AUTO,text
multiplayer.regions.south-america,SOUTH AMERICA,text
multiplayer.regions.north-america,NORTH AMERICA,text
multiplayer.regions.us-west,US WEST,text
multiplayer.regions.unknown,UNKNOWN,text
multiplayer.multiplayer-room-screen.game-modes.race,RACE,text
multiplayer.multiplayer-room-screen.game-modes.freestyle,FREESTYLE,text
multiplayer.multiplayer-room-screen.game-modes.campaign,CAMPAIGN,text
multiplayer.select-drone-screen.title,Select your Drone,text
multiplayer.default-room-name,ROOM,text
multiplayer.multiplayer-lobby-screen.quick-match,QUICK MATCH,text
multiplayer.select-map-screen.title,Select Map,text
multiplayer.select-track-screen.title,Select Track,text
multiplayer.multiplayer-room-screen.timeout,TIMEOUT,text
multiplayer.multiplayer-room-screen.drl-pilot.label,DAMAGE,text
tracks.sandbox.freestyle.title,Freestyle,text
tracks.sandbox.freestyle.description,Track without gates for maximum freedom.,text
tracks.sandbox.race.title,DRL,text
tracks.sandbox.race.description,DRL test track.,text
tracks.sandbox.race-01.title,Straight Line,text
tracks.sandbox.race-01.description,Straight Line Level.,text
tracks.airplane-graveyard.freestyle.title,Freestyle,text
tracks.airplane-graveyard.freestyle.description,Track without gates for maximum freedom.,text
tracks.house.freestyle.title,Freestyle,text
tracks.house.freestyle.description,Track without gates for maximum freedom.,text
tracks.bell-labs.freestyle.title,Freestyle,text
tracks.bell-labs.freestyle.description,Track without gates for maximum freedom.,text
tracks.bell-labs.race.title,DRL 2016,text
tracks.bell-labs.race.description,DRL's 2016 season track.,text
tracks.bell-labs.race-01.title,Project Noob,text
tracks.bell-labs.race-01.description,Project Noob Level,text
tracks.bell-labs.race-02.title,The Trinity Test,text
tracks.bell-labs.race-02.description,The Trinity Test Level,text
tracks.detroit.freestyle.title,Freestyle,text
tracks.detroit.freestyle.description,Track without gates for maximum freedom.,text
tracks.detroit.race.title,DRL 2016,text
tracks.detroit.race.description,DRL's 2016 season track.,text
tracks.gates-of-hell.freestyle.title,Freestyle,text
tracks.gates-of-hell.freestyle.description,Track without gates for maximum freedom.,text
tracks.gates-of-hell.race.title,DRL 2016,text
tracks.gates-of-hell.race.description,DRL's 2016 season track.,text
tracks.gates-of-hell.race-01.title,Shipyard,text
tracks.gates-of-hell.race-01.description,Shipyard Level,text
tracks.gates-of-hell.race-02.title,City,text
tracks.gates-of-hell.race-02.description,City Level,text
tracks.gates-of-hell.race-03.title,Woods,text
tracks.gates-of-hell.race-03.description,Woods Level,text
tracks.lapocalypse.race.title,DRL 2016,text
tracks.lapocalypse.race.description,DRL's 2016 season track.,text
tracks.lapocalypse.freestyle.title,Freestyle,text
tracks.lapocalypse.freestyle.description,Track without gates for maximum freedom.,text
tracks.miami-lights.freestyle.title,Freestyle,text
tracks.miami-lights.freestyle.description,Track without gates for maximum freedom.,text
tracks.miami-lights.race.title,DRL 2016,text
tracks.miami-lights.race.description,DRL's 2016 season track.,text
tracks.miami-lights.race-01.title,Miami Sunset,text
tracks.miami-lights.race-01.description,Miami Sunset Level,text
tracks.miami-lights.race-02.title,The End Zone,text
tracks.miami-lights.race-02.description,The End Zone Level,text
tracks.ohio-crash-site.freestyle.title,Freestyle,text
tracks.ohio-crash-site.freestyle.description,Track without gates for maximum freedom.,text
tracks.ohio-crash-site.race.title,DRL 2016,text
tracks.ohio-crash-site.race.description,DRL's 2016 season track.,text
tracks.ohio-crash-site.race-01.title,Confirm nor Deny,text
tracks.ohio-crash-site.race-01.description,Confirm nor Deny Level,text
tracks.ohio-crash-site.race-02.title,Restricted Area,text
tracks.ohio-crash-site.race-02.description,Restricted Area Level,text
tracks.atlanta-aftermath.race.title,DRL 2017,text
tracks.atlanta-aftermath.race.description,DRL's 2017 season track.,text
tracks.atlanta-aftermath.freestyle.title,Freestyle,text
tracks.atlanta-aftermath.freestyle.description,Track without gates for maximum freedom.,text
tracks.boston-foundry.race.title,DRL 2017,text
tracks.boston-foundry.race.description,DRL's 2017 season track.,text
tracks.boston-foundry.freestyle.title,Freestyle,text
tracks.boston-foundry.freestyle.description,Track without gates for maximum freedom.,text
tracks.london.race.title,DRL 2017,text
tracks.london.race.description,DRL's 2017 season track.,text
tracks.london.freestyle.title,Freestyle,text
tracks.london.freestyle.description,Track without gates for maximum freedom.,text
tracks.mardi-gras.freestyle.title,Freestyle,text
tracks.mardi-gras.freestyle.description,Track without gates for maximum freedom.,text
tracks.mardi-gras.race.title,DRL 2017,text
tracks.mardi-gras.race.description,DRL's 2017 season track.,text
tracks.miami-nights.race.title,DRL 2017,text
tracks.miami-nights.race.description,DRL's 2017 season track.,text
tracks.miami-nights.freestyle.title,Freestyle,text
tracks.miami-nights.freestyle.description,Track without gates for maximum freedom.,text
tracks.munich-playoffs.race.title,DRL 2017,text
tracks.munich-playoffs.race.description,DRL's 2017 season track.,text
tracks.munich-playoffs.freestyle.title,Freestyle,text
tracks.munich-playoffs.freestyle.description,Track without gates for maximum freedom.,text
custom-tracks.CMP-4a530b1e9d25ab99db03dce8.title,BLACKBIRD,text
custom-tracks.CMP-bba477dca256b82d0c76c762.title,NIGHTHAWK,text
custom-tracks.CMP-c9a4e988257bd462681b5055.title,THUNDERBOLT,text
custom-tracks.CMP-36b74e609abf17e160c1d58f.title,IMPACT,text
custom-tracks.CMP-b285fbf2e99932ae599fc384.title,RACE2VEGAS,text
custom-tracks.CMP-febc2c29bfa619795f7d2f48.title,DRL 2018,text
custom-tracks.CMP-6f7c2863c0d546dca5ad5ff5.title,RACE2VEGAS,text
custom-tracks.CMP-38af59750b8eff2fe44b08ef.title,RACE2VEGAS,text
custom-tracks.CMP-083a3849284fbb25b734079f.title,MORNING CRUISE,text
custom-tracks.CMP-2619f376e9122e3b06e469fb.title,SILENT MANHATTAN,text
custom-tracks.CMP-9be8e7b12eec10b0936883b9.title,SILENT SHOPPING MALL,text
custom-tracks.CMP-3b1318db5ff046a88efca70e.title,DRL 2018,text
custom-tracks.CMP-cc69708c444badce0901218d.title,RACE2VEGAS,text
custom-tracks.CMP-457ab50bcbda6268c0a17075.title,DRL 2018,text
custom-tracks.CMP-90e6cc22f1be0f9aeca7874c.title,RACE2VEGAS,text
custom-tracks.CMP-845373803fa882b910a33a68.title,MGP UTT 1,text
custom-tracks.CMP-3e9c750ba34ada10dcd7e8bb.title,MGP UTT 2: TSUNAMI,text
custom-tracks.CMP-79e13c21ed29b9f3adc5325f.title,MGP UTT 5: NAUTILUS,text
custom-tracks.CMP-8034249272c8430e13de8a34.title,MGP UTT 6: FURY,text
custom-tracks.CMP-c0978f02e5708b904b859217.title,MGP 2018 IO INTERMEDIATE,text
custom-tracks.CMP-dd11027f28d8faeb3bb19da7.title,MGP 2018 IO MICRO,text
custom-tracks.CMP-33a6f23044671189fb388f05.title,MGP UTT 4: HIGH VOLTAGE,text
custom-tracks.CMP-c7efbebf80937e5ecd21a274.title,MGP 2018 REGIONAL QUALIFIER,text
custom-tracks.CMP-bd33becd20128e0c8a4e86b3.title,MGP 2018 REGIONAL FINAL,text
custom-tracks.CMP-d542268e8c636e482a5a0296.title,MGP 2018 IO SPEC,text
custom-tracks.CMP-e67d3f0fa2e374298edfc36e.title,MGP 2018 IO ROOKIE,text
custom-tracks.CMP-e7cb4467b63b7ab6f3617456.title,MGP 2017 REGIONAL FINAL,text
custom-tracks.CMP-62c9f4ad5c15160e7077eb4f.title,MGP 2016 NATIONAL CHAMPIONSHIP,text
custom-tracks.CMP-dbab65c14263966c74ada465.title,MGP 2018 IO TEAM,text
custom-tracks.CMP-503331f36ea43ae2ebb25879.title,MGP UTT 8: REVENGE,text
custom-tracks.CMP-439fe01fcf55f219cd116b01.title,MGP 2018 IO X CLASS,text
custom-tracks.CMP-f66d54b925d5096e9a367611.title,MGP 2018 NATIONAL CHAMPIONSHIP,text
custom-tracks.CMP-3dd16f97c8ae3e5f36470eee.title,MGP 2015 NATIONAL CHAMPIONSHIP,text
custom-tracks.CMP-a485031f4658460bb19bba68.title,MGP UTT 3: BESSEL RUN,text
custom-tracks.CMP-374eda734d9113a2344bdf09.title,TRYOUTS LAS VEGAS 2019,text
custom-tracks.CMP-9b1a8ff541cededa1a9bcf65.title,LUNDI GRAS,text
custom-tracks.CMP-1cc2bbd7e8b61df9ccf2bfcb.title,FACTIONS,text
custom-tracks.CMP-0b4bad556c75bab6023e1c4a.title,APOCALYPSE,text
custom-tracks.CMP-5d24c908b6dc4557cecfb795.title,OVERTIME,text
custom-tracks.CMP-47ff732f233016a3d5873464.title,THE CROWN,text
custom-tracks.CMP-47531dbc941da23f7a06f589.title,MGP 2019 GLOBAL QUALIFIER,text
custom-tracks.CMP-a21cafe6e1c6c43509111c9a.title,VALKENBURG SESSION,text
custom-tracks.CMP-ad9784b026932d04123da653.title,DRL 2018,text
custom-tracks.CMP-09cf181543e35fdbdbfd2e76.title,SILENT #FREETHEBRIDGE,text
custom-tracks.CMP-d74a7b93f15431314fcafa63.title,FIGURE 8 (3 LAPS),text
custom-tracks.CMP-1236184b3b6eae92e376a12c.title,MAYHEM TEAM EVENT,text
custom-tracks.CMP-63f29e988f24a54fccf949bb.title,SILENT AIRLINES,text
custom-tracks.CMP-ef225f0752c3de49e0d9b38a.title,MALL WALKER,text
custom-tracks.CMP-bdae07145fb79f2ad9ba0423.title,TREETOPS,text
custom-tracks.CMP-c3095bd8c72cd0d9eb0b80f1.title,MGP 2019 IO WORLD CUP,text
custom-tracks.CMP-bc8c43f123bf70b0708cccd8.title,MASQUERADE,text
custom-tracks.CMP-af26895e90b0f65bcbc80f14.title,SIDELINES,text
custom-tracks.CMP-35575708d9373f7822be6deb.title,2019 STARMACH EXHIBITION,text
custom-tracks.CMP-078934965adb3e7db63af736.title,MGP 2019 CANADIAN QUALIFIER,text
custom-tracks.CMP-3d1b5e23a374c1ff7c8180f3.title,BILL LEAR QUALIFIER,text
custom-tracks.CMP-3b5f210d04c5b7fdc75bfa6d.title,MGP 2019 IO INTERMEDIATE,text
custom-tracks.CMP-b9c7ba35c21802e5690bf508.title,MGP 2019 IO MICRO,text
custom-tracks.CMP-e93ca3f973497401d0dcb331.title,MGP 2019 IO ROOKIE,text
custom-tracks.CMP-6292624e89d43fea71420f16.title,MGP 2019 IO MEGA CLASS,text
custom-tracks.CMP-f4380ef0e200e65272988106.title,MGP 2019 IO TEAM,text
custom-tracks.CMP-60da79544961bced88e1e769.title,ROYALTY,text
custom-tracks.CMP-4ec6dba40a8aa0ddd81be4e9.title,DROP IN,text
custom-tracks.CMP-80574022d16b03e0b2c7226b.title,ECOSYSTEM,text
custom-tracks.CMP-7bb6420c3728c153eacdb9eb.title,BAD NEIGHBOR,text
custom-tracks.CMP-07a097cd1c9be6785da56827.title,CITY REWIND,text
custom-tracks.CMP-b7d43486bac2362320b7a67e.title,MGP 2018 IO WORLD CUP,text
custom-tracks.CMP-14e2e077bc9118c37eabc414.title,DRL 2019,text
custom-tracks.CMP-b145cea7a61bab93a939dedc.title,GLENWOOD,text
custom-tracks.CMP-324428d681708bc9b4a86680.title,DALLAS DRONE RACING - MF RACE SERIES,text
custom-tracks.CMP-a5d347010669a55ce8b6b687.title,UPRISING,text
custom-tracks.CMP-5139d69e60c224258cd50189.title,2020 TRYOUTS QUALIFIER - TEST,text
custom-tracks.CMP-5139d69e60c224258cd50188.title,2020 TRYOUTS QUALIFIER,text
custom-tracks.CMP-85d04375a6db27817102b2cb.title,2020 TRYOUTS WEEK 1,text
custom-tracks.CMP-b95789a1e0852a47d5cb362a.title,FREESTYLE,text
custom-tracks.CMP-5d89e00547e720d80b13beaa.title,STRATOTANKER,text
custom-tracks.CMP-6c2bc4addbd1928c1bc01db3.title,DRL 2020 - GONY,text
custom-tracks.CMP-004cbc546ec06dca564d52b8.title,DRL 2020 - DETROIT,text
custom-tracks.CMP-558ea06080d14de0d15a5820.title,DRL 2020 - BRIDGE,text
custom-tracks.CMP-6104bc99decb73448e880128.title,DRL 2020 - ADVENTUREDOME,text
custom-tracks.CMP-822841be172a5dae822ba773.title,DRL 2020 - LAPOCALYPSE,text
custom-tracks.CMP-79b5ec85848a2d65b239145d.title,DRL 2020 - CALIFORNIA NIGHTS,text
custom-tracks.CMP-8b2cce63cae8c0cc0000e256.title,DRL 2020 - ATLANTA LIVE,text
custom-tracks.CMP-e74536dad8e7791d58d66ad0.title,S5 RIVIERA,text
custom-tracks.CMP-d1589b47a931928059c403c2.title,DRL 2020 - KINGDOM,text
custom-tracks.CMP-5a02b53793c7e083c1971eb2.title,DRL 2020 - MIAMI,text
custom-tracks.CMP-b5ea5aede3456e0bc49237c0.title,DRL 2020 - LONDON,text
custom-tracks.CMP-57ace9ba14e234b1cbc96c31.title,DRL 2020 - MARDI GRAS,text
custom-tracks.CMP-797414cb7302007587818b61.title,DRL 2020 - THE WELT,text
custom-tracks.CMP-8bcca5e4b5350721e2291867.title,DRL 2020 - USAF,text
custom-tracks.CMP-92e84b5c2e04dcab65c26859.title,SIM RACING CUP 7,text
custom-tracks.CMP-ca0c1dc73892311359ab1b41.title,SIM RACING CUP 4,text
custom-tracks.CMP-c239e8b6c1a73d8168953dd3.title,SIM RACING CUP 3,text
custom-tracks.CMP-909b60384099d99b03a3e013.title,SIM RACING CUP 8,text
custom-tracks.CMP-d935ba0c62153d32b30c3c0e.title,SIM RACING CUP 2,text
custom-tracks.CMP-ade1346e9dbab236ced05666.title,SIM RACING CUP 5,text
custom-tracks.CMP-b8045bb693781b049c37c096.title,SIM RACING CUP 6,text
custom-tracks.CMP-1cb12980a51217c210e8339b.title,SIM RACING CUP 1,text
custom-tracks.CMP-9acd927cccbd2131aa17491b.title,DRL 2020 - OHIO CRASH SITE,text
custom-tracks.CMP-8feaf4ac08350f9c036f6b8b.title,FULL METAL,text
custom-tracks.CMP-48ce4155c57415baedaece19.title,DRL 2017,text
custom-tracks.CMP-5e454d20c0b897a6a1ae8bda.title,DRL 2020 - Biosphere,text
track.screen.drone-crash.label,DRONE CRASH,text
track.screen.opponent-difficulty.label,DIFFICULTY,text
track.screen.opponent-difficulty.types,"EASY, MEDIUM, HARD",text
track.screen.opponent-toggle.label,OPPONENT,text
track.screen.opponent-toggle.types,"OFF, ON",text
track.screen.start.button,START,text
track.screen.back.button,BACK,text
track.screen.beginner.details,"STABILITY ON
ALTITUDE HOLD ON
ANGLE LIMITER ON",text
track.screen.intermediate.details,"STABILITY OFF
ALTITUDE HOLD OFF
ANGLE LIMITER ON",text
track.screen.pro.details,"STABILITY OFF
ALTITUDE HOLD OFF
ANGLE LIMITER OFF",text
track.screen.beginner.title,BEGINNER MODE,text
track.screen.intermediate.title,INTERMEDIATE MODE,text
track.screen.pro.title,PRO MODE,text
track.screen.selected-drone.label,SELECTED DRONE,text
track.screen.opponent-mode,"OFF, RIVAL 5, TOP 5, LEADER, SELF, RANDOM 5, RANDOM 50",text
track.screen.selected-drone.not-recommended,NOT RECOMMENDED,text
track.screen.drl-pilot.title,DRL PILOT MODE,text
track.screen.drl-pilot.details,(OFFICIAL R4 ONLY),text
track.screen.hardcore.label,DAMAGE,text
quests.title,Missions,text
quests.quest-fpv-01.title,"BEHIND THE
GOGGLES",text
quests.quest-fpv-01.description,Missions to cover the basics of FPV flight.,text
quests.quest-los-01.title,THE BASICS,text
quests.quest-los-01.description,Missions to cover the basics.,text
quests.quest-pro-01.title,"THE ROAD 
TO PRO",text
quests.quest-pro-01.description,Here the real fun begins!,text
quests.quests-screen.back,BACK,text
quests.quests-screen.next,NEXT,text
quests.quest-overview.back,BACK,text
quests.quest-overview.title,Missions,text
quests.quest-overview.card,MISSIONS,text
quests.card-title.quest,QUEST,text
quests.card-footer.begginer-mode,BEGINNER MODE,text
quests.card-footer.intermediate-mode,INTERMEDIATE MODE,text
quests.card-footer.pro-mode,PRO MODE,text
quests.card-footer.intermediate-pro-mode,INTERMEDIATE + PRO MODE,text
mission-overview.title,Mission Overview,text
mission-overview.about,ABOUT THIS MISSION:,text
mission-overview.beginner-mode.title,BEGINNER MODE,text
mission-overview.beginner-mode.description,"STABILITY ON
ALTITUDE HOLD ON
ANGLE LIMITER ON",text
mission-overview.mission-title,MISSION,text
mission-overview.intermediate-mode.title,INTERMEDIATE MODE,text
mission-overview.intermediate-mode.description,"STABILITY OFF
ALTITUDE HOLD OFF
ANGLE LIMITER ON",text
mission-overview.pro-mode.title,PRO MODE,text
mission-overview.pro-mode.description,MANUAL MODE,text
mission-overview.drone.title,TRAINING DRONE,text
mission-overview.start,START,text
mission-overview.back,BACK,text
mission-overview.mission-title.name.learn-to-fly,Learn To Fly,text
mission-overview.mission-title.name.pitch,Pitch,text
mission-overview.mission-title.name.roll,Roll,text
mission-overview.mission-title.name.training-in-the-sky-with-diamonds,"Training in the sky, with diamonds",text
mission-overview.mission-title.name.roof-and-roll,Roof and Roll,text
mission-overview.mission-title.name.throttling-roof-to-roof ,Throttling roof to roof,text
mission-overview.mission-title.name.the-diamond-path,The diamond path,text
mission-overview.mission-title.name.crane-climb,Crane Climb,text
mission-overview.mission-title.name.gotta-pop-em-all,Gotta pop 'em all,text
mission-overview.mission-title.name.balloon-hunt,Balloon Hunt,text
mission-overview.mission-title.name.downtown-pop,Downtown Pop,text
mission-overview.mission-title.name.balloon-track,Balloon Track,text
mission-overview.mission-title.name.under-your-own-power,Under your own power,text
mission-overview.mission-title.name.road-to-fpv,Road to FPV,text
mission-overview.mission-title.name.fpv-first-person-view,FPV: First Person View,text
mission-overview.mission-title.name.pitch-and-roll,Pitch and Roll,text
mission-overview.mission-title.name.yaw-know-what-i-mean,Yaw. Know what I mean?,text
mission-overview.mission-title.name.trust-the-thrust,Trust the Thrust,text
mission-overview.mission-title.name.mixed-mission-medley,Mixed Mission Medley,text
mission-overview.mission-title.name.wide-turns,Wide Turns,text
mission-overview.mission-title.name.flying-circus,Flying Circus,text
mission-overview.mission-title.name.snowman-run,Snowman Run,text
mission-overview.mission-title.name.slammin-slalom,Slammin’ Slalom,text
mission-overview.mission-title.name.flight-club,Flight Club,text
mission-overview.mission-title.name.corsa-di-farfalla,Corsa di Farfalla,text
mission-overview.mission-title.name.second-slalom,Second Slalom,text
mission-overview.mission-title.name.dna-run,DNA Run,text
mission-overview.mission-title.name.fly-r-squared,Fly R Squared,text
mission-overview.mission-title.name.the-square-route,The Square Route,text
mission-overview.mission-title.name.hourglass,Hourglass,text
mission-overview.mission-title.name.star-road,Star Road,text
mission-overview.mission-title.name.rising-sun,Rising sun,text
mission-overview.mission-title.name.zig-zag,Zig Zag,text
mission-overview.mission-title.name.a-flight-in-the-woods,A Flight In The Woods,text
mission-overview.mission-title.name.back-to-basics,Back to Basics,text
mission-overview.mission-title.name.back-to-basics-flying-steady,"Back to Basics, Flying Steady",text
mission-overview.mission-title.name.back-to-basics-up-and-out,"Back to Basics, Up and Out",text
mission-overview.mission-title.name.back-to-basics-up-and-over,"Back to Basics, Up and Over",text
mission-overview.mission-title.name.back-to-basics-like-a-record-baby,"Back to Basics, Like a Record Baby",text
mission-overview.mission-title.name.back-to-basics-back-it-up,"Back to Basics, Back it up",text
mission-overview.mission-title.name.back-to-basics-lets-mix-it-up,"Back to Basics, let’s mix it up",text
mission-overview.mission-title.name.back-to-basics-around-the-bend,"Back to Basics, Around The Bend",text
mission-overview.mission-title.name.back-to-basics-circles-are-our-friends,"Back to Basics, Circles are Our Friends",text
mission-overview.mission-title.name.back-to-basics-do-you-wanna-build-a-snowman,"Back to Basics, Do you wanna build a snowman?",text
mission-overview.mission-title.name.figure-8,Figure 8,text
mission-overview.mission-title.name.the-ringer,The Ringer!,text
mission-overview.mission-title.name.wish-upon-a-star,Wish upon a star,text
mission-overview.mission-title.name.search-and-destroy,Search and Destroy,text
mission-overview.mission-title.name.the-double-helix,The Double Helix,text
mission-overview.mission-title.name.off-the-beaten-path,Off the beaten path,text
mission-overview.mission-title.name.parking-lot-slalom,Parking lot slalom,text
mission-overview.mission-title.name.the-obstacle-course,The obstacle course,text
mission-overview.mission-title.name.the-sweeper,The Sweeper,text
mission-overview.mission-title.name.your-first-race,Your First Race,text
mission-complete.title,Mission Complete,text
mission-complete.nav-left.quest,QUESTS,text
mission-complete.nav-left.exit,EXIT,text
mission-complete.form.title,MISSION COMPLETE,text
mission-complete.form.score,YOUR SCORE  /,text
mission-complete.intermediate-mode.title,INTERMEDIATE MODE,text
mission-complete.feedback.form.title,GIVE US FEEDBACK!,text
mission-complete.feedback.experience.values,"<please select>,first time pilot,flown sims before, flown in real life",text
mission-complete.feedback.form.experience,ARE YOU AN EXPERIENCED PILOT?,text
mission-complete.feedback.form.enjoy,DID YOU ENJOY THIS MISSION?,text
mission-complete.feedback.enjoy.values,"<please select>,yes,no,not sure",text
mission-complete.feedback.improve.values,"<please select>,yes,no,not sure",text
mission-complete.feedback.form.improve,DID THIS HELP IMPROVE YOUR SKILLS?,text
mission-complete.feedback.form.field,TYPE YOUR FEEDBACK HERE...,text
mission-complete.nav-right.next,NEXT,text
mission-complete.nav-right.restart,RESTART,text
npc-overlay.nav-left.back,BACK,text
npc-overlay.nav-left.exit,EXIT,text
npc-overlay.nav-right.next,NEXT,text
ms-learn-to-fly.title,Learn To Fly,text
ms-learn-to-fly.description,Introduces players to basic controls.,text
ms-learn-to-fly.shortDescription,"This is a starter drone, you will use this for training.

This drone flies with <color=#5db300>beginner</color> and <color=#f8e71c>intermediate</color> modes and helps new pilots get used to the controls.",text
ms-learn-to-fly.dialog-000,Let's learn to fly. Use your left stick to Take Off.,text
ms-learn-to-fly.dialog-001,With your left stick you can control elevation.  Go up to 32 meters.,text
ms-learn-to-fly.dialog-002,Whatch out. If you go too high you will lose signal. Come back down to the 31m mark.,text
ms-learn-to-fly.dialog-92,Right stick moves you forward. Pop that balloon.,text
ms-learn-to-fly.dialog-93,You will fly free soon. But first stick to the basics to earn your wings.,text
ms-learn-to-fly.dialog-94,Right stick moves you forward. Pop that balloon.,text
ms-learn-to-fly.dialog-95,Now use your left stick to look around.,text
ms-learn-to-fly.dialog-96,Did you see that flag on the road? Use your left stick to face it.,text
ms-learn-to-fly.dialog-97,Now use right stick to move forward and get closer to the flag.,text
ms-learn-to-fly.dialog-98,You will fly free soon. But first stick to the basics to earn your wings.,text
ms-learn-to-fly.dialog-99,Now use right stick to move forward and get closer to the flag.,text
ms-learn-to-fly.dialog-100,You can Roll with your right stick. Switch to the right lane.,text
ms-learn-to-fly.dialog-101,You will fly free soon. But first stick to the basics to earn your wings.,text
ms-learn-to-fly.dialog-102,You can Roll with your right stick. Switch to the right lane.,text
ms-learn-to-fly.dialog-103,"Now, use left stick to control height and right to move forward.
Pop those balloons.",text
ms-learn-to-fly.dialog-104,You will fly free soon. But first stick to the basics to earn your wings.,text
ms-learn-to-fly.dialog-105,"Now, use left stick to control height and right to move forward. Pop those balloons.",text
ms-learn-to-fly.dialog-106,Now Roll left to the middle lane.,text
ms-learn-to-fly.dialog-107,You will fly free soon. But first stick to the basics to earn your wings.,text
ms-learn-to-fly.dialog-108,Now Roll left to the middle lane.,text
ms-learn-to-fly.dialog-109,Time to Pitch & Roll! Try to pop those balloons ahead using only your right stick. ,text
ms-learn-to-fly.dialog-110,You will fly free soon. But first stick to the basics to earn your wings.,text
ms-learn-to-fly.dialog-111,Time to Pitch & Roll. Try to pop those balloons ahead using only your right stick. ,text
ms-learn-to-fly.dialog-112,"Finally, use pitch, roll and throttle to pass through the diamond gate.",text
ms-learn-to-fly.dialog-113,Great. Good job.,text
ms-learn-to-fly.dialog-114,You will fly free soon. But first stick to the basics to earn your wings.,text
ms-learn-to-fly.dialog-115,"Finally, use pitch, roll and throttle to pass through the diamond gate.",text
ms-learn-to-fly.dialog-116,Let's recap the basics you just learned. Pay attention.,text
ms-learn-to-fly.dialog-117,"Left stick vertical controls height, thats called Throttle.",text
ms-learn-to-fly.dialog-118,Left stick horizontal controls facing direction. That's called Yaw.,text
ms-learn-to-fly.dialog-119,Right stick horizontal controls side movement. That's called Roll.,text
ms-learn-to-fly.dialog-120,Vertical right stick controls forward and backward movement. This is called pitch.,text
ms-learn-to-fly.dialog-121,Go master those skills.,text
ms-learn-to-fly.dialog-122,Oops. You're upside down. ,text
ms-learn-to-fly.dialog-123,Try again.,text
ms-pitch.title,Pitch,text
ms-pitch.description,Practicing precise pitch control.,text
ms-pitch.shortDescription,"Now that you have some flight time under your belt, I think we should take another look at pitch. ",text
ms-pitch.dialog-124,For this mission we will practice taking off from point A to landing on point B.,text
ms-pitch.dialog-125,It's your turn now.,text
ms-pitch.dialog-126,It's your turn now.,text
ms-pitch.dialog-127,"Good flying, pilot. Let's try that one more time.",text
ms-pitch.dialog-128,Awesome. Mission Complete.,text
ms-pitch.dialog-129,"Great work out there, pilot. Your skills really are improving.",text
ms-pitch.dialog-130,You're a bit out bounds. Let's try that again.,text
ms-pitch.dialog-131,Go.,text
ms-pitch.dialog-132,A little too much pitch there. Try again.,text
ms-pitch.dialog-133,Go.,text
ms-roll.title,Roll,text
ms-roll.description,Practicing precise roll control.,text
ms-roll.shortDescription,Practice using Roll to move from side to side.,text
ms-roll.dialog-178,"Roll tips your drone in a left or right direction.
Tip in one direction enough and the drone will begin to move in that direction, like pitch.",text
ms-roll.dialog-179,For this mission we will practice taking off from point A and landing on point B using roll.,text
ms-roll.dialog-180,"Then we will take off from Point B to fly to and land on Point A, again using roll.",text
ms-roll.dialog-181,"Alright, let's get started.",text
ms-roll.dialog-182,"Nice. Now, bring it back.",text
ms-roll.dialog-183,Awesome. Mission Complete.,text
ms-roll.dialog-184,"Your stick control is getting better with each mission. Keep up the good work, pilot.",text
ms-roll.dialog-185,Use a more direct path. Try again.,text
ms-roll.dialog-186,Go.,text
ms-roll.dialog-187,"Too much roll, not enough throttle. Try again.",text
ms-roll.dialog-188,Go.,text
ms-sky-with-diamonds.title,"Training in the sky, with diamonds",text
ms-sky-with-diamonds.description,Practical application of throttle skills.,text
ms-sky-with-diamonds.shortDescription,"With your throttle control improving, let's test your skills on a longer path.",text
ms-sky-with-diamonds.dialog-233,You've proven you can fly a short distance. Now let's try an extended flight.,text
ms-sky-with-diamonds.dialog-234,If you look toward the horizon you will see a diamond suspended in the air.,text
ms-sky-with-diamonds.dialog-235,"For this mission, you will fly the drone into the center of the diamond.
Give it a try.",text
ms-sky-with-diamonds.dialog-236,Give it a try.,text
ms-sky-with-diamonds.dialog-237,Nice. One more time.,text
ms-sky-with-diamonds.dialog-238,Nice. One more time.,text
ms-sky-with-diamonds.dialog-239,Awesome. Mission Complete.,text
ms-sky-with-diamonds.dialog-240,"Your throttle control is really improving. Keep up the good work, pilot.",text
ms-sky-with-diamonds.dialog-241,You're a bit out bounds. Let's try that again.,text
ms-sky-with-diamonds.dialog-242,A little too much pitch there. Try again.,text
ms-sky-with-diamonds.dialog-243,Go.,text
ms-roof-and-roll.title,Roof and Roll,text
ms-roof-and-roll.description,Flying from roof to roof using roll to sharpen roll skills.,text
ms-roof-and-roll.shortDescription,Let's see how those roll skills are doing.,text
ms-roof-and-roll.dialog-189,Good.,text
ms-roof-and-roll.dialog-190,This mission is pretty straight forward.,text
ms-roof-and-roll.dialog-191,"Take off and land on the roof of the building to the right of your drone, using only roll.",text
ms-roof-and-roll.dialog-192,"Take off and land on the roof of the building to the right of your drone, using only roll.",text
ms-roof-and-roll.dialog-193,Let's go.,text
ms-roof-and-roll.dialog-196,"Now, take off and land the drone on the building below using right roll.",text
ms-roof-and-roll.dialog-197,Got it?,text
ms-roof-and-roll.dialog-198,Go.,text
ms-roof-and-roll.dialog-199,Nice work.,text
ms-roof-and-roll.dialog-200,"Okay. Same as before, use left roll to get to the next building.",text
ms-roof-and-roll.dialog-203,Nice work.,text
ms-roof-and-roll.dialog-204,Nice. Ok. Take it back.,text
ms-roof-and-roll.dialog-207,Awesome.,text
ms-roof-and-roll.dialog-208,Nice flying. You're tearing through these missions pilot. Keep it up.,text
ms-roof-and-roll.dialog-211,Oops. You're upside down. Try again.,text
ms-roof-and-roll.dialog-212,Go.,text
ms-roof-and-roll.dialog-213,Where are you going? Get back here.,text
ms-roof-and-roll.dialog-214,Go.,text
ms-roof-to-roof.title,Throttling roof to roof,text
ms-roof-to-roof.description,Using take offs and landings to acclimate the player to accurate throttle control.,text
ms-roof-to-roof.shortDescription,These buildings make for perfect practice landing pads. Let's see if you can navigate from one to the other.,text
ms-roof-to-roof.dialog-215,This mission is designed to test the skills you've learned so far.,text
ms-roof-to-roof.dialog-216,Now take off and land on the roof of the building in front of you.,text
ms-roof-to-roof.dialog-217,Good.,text
ms-roof-to-roof.dialog-218,"Now, take your drone  to the roof of the tall building to the left of you and land.",text
ms-roof-to-roof.dialog-219,Go for it.,text
ms-roof-to-roof.dialog-220,Fantastic. Now lets take off and land on the roof below.,text
ms-roof-to-roof.dialog-221,Great work. Let's try that one more time.,text
ms-roof-to-roof.dialog-222,"Ok, this time land on the roof in front of you.",text
ms-roof-to-roof.dialog-223,Nice.,text
ms-roof-to-roof.dialog-224,"Like before, take your drone up to the roof of the tall building in front of you.",text
ms-roof-to-roof.dialog-225,Go for it.,text
ms-roof-to-roof.dialog-226,"Great. Now, take off and land on the roof below.",text
ms-roof-to-roof.dialog-227, Mission Complete.,text
ms-roof-to-roof.dialog-228,"While landings aren't a key component of a race, the skills you've been practicing here are. I'm really liking what I'm seeing out there pilot. Keep it up.",text
ms-roof-to-roof.dialog-229,"Hey. Where are you going?
Try again.",text
ms-roof-to-roof.dialog-230,Follow that green diamond.,text
ms-roof-to-roof.dialog-231,"Oops. You're upside down.
Try again.",text
ms-roof-to-roof.dialog-232,Follow that green diamond.,text
ms-diamond-path.title,The diamond path,text
ms-diamond-path.description,Point to point flights to practice pitch control.,text
ms-diamond-path.shortDescription,Let's work on the shortest distance between two points.,text
ms-diamond-path.dialog-60,We're gonna do some long distance diamond chasing for this one.,text
ms-diamond-path.dialog-61,Pretty straight forward right? You ready?,text
ms-diamond-path.dialog-62,Let's go.,text
ms-diamond-path.dialog-63,Let's go.,text
ms-diamond-path.dialog-64,That's 1. Grab the next one.,text
ms-diamond-path.dialog-65,That's 2.,text
ms-diamond-path.dialog-66,Number 3.,text
ms-diamond-path.dialog-67,That's the 4th one. One more.,text
ms-diamond-path.dialog-68,That's the last one. Time to land.,text
ms-diamond-path.dialog-69,"Touch down. Nice flying, pilot.",text
ms-diamond-path.dialog-70,"Lookin' good! On to the next mission, pilot.",text
ms-diamond-path.dialog-71,Oops. You're upside down. Try again.,text
ms-diamond-path.dialog-72,Follow the green diamond.,text
ms-diamond-path.dialog-73,Hey. Where ya goin'? Try again.,text
ms-diamond-path.dialog-74,Follow the green diamond.,text
ms-crane-climb.title,Crane Climb,text
ms-crane-climb.description,Test your throttle skills by going through all the gates placed on the cranes within the time limit.,text
ms-crane-climb.shortDescription,Let's head to the cranes and test those throttle skills.,text
ms-crane-climb.dialog-51,"I've placed gates over the top of the crane.
Make your way through all of the gates before the time runs out.
Here we go.",text
ms-crane-climb.dialog-52,Good.,text
ms-crane-climb.dialog-53,"Times up. You can do it, try again.",text
ms-crane-climb.dialog-54,Let's try this again. Here we go.,text
ms-crane-climb.dialog-55,Nice. Mission Complete.,text
ms-crane-climb.dialog-56,"You're making this look too easy.
We're gonna have to turn up the juice for these missions.",text
ms-crane-climb.dialog-57,"Times up. You can do it, try again.",text
ms-crane-climb.dialog-58,There are no gates out there. Get back here.,text
ms-crane-climb.dialog-59,"Keep control of your pitch, sometimes slower is faster. Try again.",text
ms-pop-em-all.title,Gotta pop 'em all,text
ms-pop-em-all.description,Pop all the balloons in the maze and sharpen flying skills.,text
ms-pop-em-all.shortDescription,We're off to the shipyards to sharpen your flying skills.,text
ms-pop-em-all.dialog-134,I've gotten my hands on some balloons and have laid them out for you.,text
ms-pop-em-all.dialog-135,All you have to do is pop 'em.,text
ms-pop-em-all.dialog-136,Go get 'em.,text
ms-pop-em-all.dialog-137,Go get 'em!,text
ms-pop-em-all.dialog-138,Hey. You got them all.,text
ms-pop-em-all.dialog-139,Nice work. Keep up the great flying. See you on the next mission.,text
ms-pop-em-all.dialog-140,"Hey. Where are you going?
Try again.",text
ms-pop-em-all.dialog-141,Go get 'em.,text
ms-pop-em-all.dialog-142,"Oops. You're upside down.
Try again.",text
ms-pop-em-all.dialog-143,Go get 'em.,text
ms-balloon-hunt.title,Balloon Hunt,text
ms-balloon-hunt.description,Hunting balloons to practice the flying skills a pilot has learned to this point.,text
ms-balloon-hunt.shortDescription,Today you'll learn that balloons are a pilot's best friend.,text
ms-balloon-hunt.dialog-1,For this mission you'll be hunting balloons.,text
ms-balloon-hunt.dialog-2,"Take off and grab the balloon you see above the lake, then grab the next one and so on. Remember to use your yaw to look around if you can't see one.",text
ms-balloon-hunt.dialog-3,"I've increased the drone's power, this should give you a bit more speed.",text
ms-balloon-hunt.dialog-4,Let's go.,text
ms-balloon-hunt.dialog-5,Let's go.,text
ms-balloon-hunt.dialog-6,That's 1.,text
ms-balloon-hunt.dialog-7,That's 2.,text
ms-balloon-hunt.dialog-8,3 balloons.,text
ms-balloon-hunt.dialog-9,Balloon 4.,text
ms-balloon-hunt.dialog-10,That's 5.,text
ms-balloon-hunt.dialog-11,Balloon 6.,text
ms-balloon-hunt.dialog-12,Seven.,text
ms-balloon-hunt.dialog-13,Great. That's 8.,text
ms-balloon-hunt.dialog-14,Nine. One more.,text
ms-balloon-hunt.dialog-15,"But you can't have too many balloons, let's grab some more.",text
ms-balloon-hunt.dialog-16,Go get em.,text
ms-balloon-hunt.dialog-17,Keep going.,text
ms-balloon-hunt.dialog-18,Get the next one.,text
ms-balloon-hunt.dialog-19,There's still more out there.,text
ms-balloon-hunt.dialog-20,Where's the next one?,text
ms-balloon-hunt.dialog-21,Can you find another?,text
ms-balloon-hunt.dialog-22,Another one.,text
ms-balloon-hunt.dialog-23,Another one.,text
ms-balloon-hunt.dialog-24,Another one.,text
ms-balloon-hunt.dialog-25,One left.,text
ms-balloon-hunt.dialog-26,"That was the last one, nice work.",text
ms-balloon-hunt.dialog-27,We're on our way to making you race ready. Let's see what other challenges those fancy skills of yours can handle.,text
ms-balloon-hunt.dialog-28,Hey! Where ya goin'? Try again.,text
ms-balloon-hunt.dialog-29,Go!,text
ms-balloon-hunt.dialog-30,Oops. You're upside down. Try again.,text
ms-balloon-hunt.dialog-31,Go!,text
ms-balloon-hunt.dialog-32,Remember you can use yaw to look around.,text
ms-balloon-hunt.dialog-33,"If it's not in front of you, it might be behind you.",text
ms-downtown-pop.title,Downtown Pop,text
ms-downtown-pop.description,Pop all the balloons through the streets and alleyways of downtown.,text
ms-downtown-pop.shortDescription,We're gonna test those skills of yours downtown. See you on the roof.,text
ms-downtown-pop.dialog-75,This one's easy. Pop all the balloons as fast as you can.,text
ms-downtown-pop.dialog-76,Ready? Go get 'em.,text
ms-downtown-pop.dialog-77,Ready? Go get 'em.,text
ms-downtown-pop.dialog-78,Nice work.,text
ms-downtown-pop.dialog-79,Same as last time. Pop all the balloons fast.,text
ms-downtown-pop.dialog-80,Get going.,text
ms-downtown-pop.dialog-81,You got 'em all.,text
ms-downtown-pop.dialog-82,Mission Complete.,text
ms-downtown-pop.dialog-83,"That looked like fun, I think I'll give it a shot myself. Your flying skills are getting there. Keep it up, pilot.",text
ms-downtown-pop.dialog-84,Oops. You're upside down. ,text
ms-downtown-pop.dialog-85,Go get 'em.,text
ms-downtown-pop.dialog-86,"Hey. Where are you going?
Try again.",text
ms-downtown-pop.dialog-87,Go get 'em.,text
ms-balloon-track.title,Balloon Track,text
ms-balloon-track.description,"Pop balloons along a path, while the trainer controls your momentum.",text
ms-balloon-track.shortDescription,"For this lesson, we fly together at high racing speeds. ",text
ms-balloon-track.dialog-34,"This mission, I'll be taking control of the drone's forward motion, while you handle the rest of the drone's controls.",text
ms-balloon-track.dialog-35,I've placed balloons along this path. You'll need to roll the drone left and right to get to the balloons. You must pop at least 60% of them to pass.,text
ms-balloon-track.dialog-36,Pay attention to how much stick movement is required to get the drone in position. There's no going back if you miss a balloon.,text
ms-balloon-track.dialog-37,Ready? Let's go.,text
ms-balloon-track.dialog-38,"You didn't hit 60% that time, let's try it again.",text
ms-balloon-track.dialog-39,Nice work. This time the balloons will be at varying altitudes. You'll need to get 60% of them like last time. Lets go.,text
ms-balloon-track.dialog-40,"You didn't hit 60% that time, let's try it again.",text
ms-balloon-track.dialog-41,"Fantastic. Let's crank this up a bit.
Just like before, but you'll need to pop them all.",text
ms-balloon-track.dialog-42,Nice. That's all the balloons. Mission Complete.,text
ms-balloon-track.dialog-43,You are well on your way to becoming an ace pilot. I'm gonna need to get more balloons at this pace.,text
ms-balloon-track.dialog-44,"You didn't hit 100% that time, let's try it again.",text
ms-balloon-track.dialog-45,"Hey! Where are you going?
Try again.",text
ms-balloon-track.dialog-46,Let's go!,text
ms-balloon-track.dialog-47,Oops. You're upside down. Try again.,text
ms-balloon-track.dialog-48,Go!,text
ms-under-your-power.title,Under your own power,text
ms-under-your-power.description,Pop all the balloons along a straight line path.,text
ms-under-your-power.shortDescription,"I've got more balloons.
Let's head down the path here.",text
ms-under-your-power.dialog-244,I've got more balloons. Let's head down the path here.,text
ms-under-your-power.dialog-245,"All you need to do is pop at least 60% of the balloons within the time limit. 
You'll have full control of the drone this time.",text
ms-under-your-power.dialog-246,Ready? Let's go.,text
ms-under-your-power.dialog-247,"You didn't hit 60% that time, let's try it again.",text
ms-under-your-power.dialog-248,You failed to reach the end on time. Try again.,text
ms-under-your-power.dialog-249,Pop at least 60% of the balloons and reach the end within the time limit.,text
ms-under-your-power.dialog-250,Done.,text
ms-under-your-power.dialog-251,"Not bad, not bad. Let's try a change of scenery.",text
ms-under-your-power.dialog-252,"Just like before, 60% of the balloons before the time limit.",text
ms-under-your-power.dialog-253,Here we go.,text
ms-under-your-power.dialog-254,Great work. Mission Complete.,text
ms-under-your-power.dialog-255,I'm getting more and more confident in those skills of yours. I'd say you're almost ready to put on those goggles.,text
ms-under-your-power.dialog-256,"You didn't hit 60% that time, let's try it again.",text
ms-under-your-power.dialog-257,You failed to reach the end on time. Try again.,text
ms-under-your-power.dialog-258,Pop at least 60% of the balloons and reach the end within the time limit.,text
ms-under-your-power.dialog-259,Hey. Where ya goin'? Try again.,text
ms-under-your-power.dialog-260,Go.,text
ms-under-your-power.dialog-261,Oops. You're upside down. Try again.,text
ms-under-your-power.dialog-262,Go.,text
ms-road-to-fpv.title,Road to FPV,text
ms-road-to-fpv.description,Pop ALL the balloons along a path within a certain time.,text
ms-road-to-fpv.shortDescription,"This test is gonna be a big one.
Let's head downtown.",text
ms-road-to-fpv.dialog-144,This test is gonna be a big one. Let's head downtown.,text
ms-road-to-fpv.dialog-145,"You've proven that you've got some skills. I think you're ready for First Person View, or what we call, FPV.",text
ms-road-to-fpv.dialog-146,"You'll be popping balloons under a time limit again. But this time, you'll need to pop them all to pass.",text
ms-road-to-fpv.dialog-147,"If you think you can handle it, take the controls.",text
ms-road-to-fpv.dialog-148,Go get 'em.,text
ms-road-to-fpv.dialog-149,Go get 'em.,text
ms-road-to-fpv.dialog-150,You failed to pop all the balloons on time. Try again.,text
ms-road-to-fpv.dialog-151,You failed to pop all the balloons on time. Try again.,text
ms-road-to-fpv.dialog-152,Pop all the balloons within the time limit.,text
ms-road-to-fpv.dialog-153,Perfect. Lets head to the bridge.,text
ms-road-to-fpv.dialog-154,"You are killing it. This is the last test, now. Take the controls.",text
ms-road-to-fpv.dialog-155,Finish it.,text
ms-road-to-fpv.dialog-156,Done. That's all of them. Mission Complete.,text
ms-road-to-fpv.dialog-157,"You've done it pilot. Great flyin'.
The next time I see you, you'll be wearing goggles.",text
ms-road-to-fpv.dialog-158,You failed to pop all the balloons on time. Try again.,text
ms-road-to-fpv.dialog-159,You failed to pop all the balloons on time. Try again.,text
ms-road-to-fpv.dialog-160,Pop all the balloons within the time limit.,text
ms-road-to-fpv.dialog-166,Oops. You're upside down. Try again.,text
ms-road-to-fpv.dialog-167,Go.,text
ms-road-to-fpv.dialog-168,Hey. Where ya goin'? Try again.,text
ms-road-to-fpv.dialog-169,Go.,text
ms-road-to-fpv.dialog-170,Oops. You're upside down. Try again.,text
ms-road-to-fpv.dialog-171,Go.,text
ms-road-to-fpv.dialog-172,Hey. Where ya goin'? Try again.,text
ms-road-to-fpv.dialog-173,Go.,text
ms-road-to-fpv.dialog-174,Oops. You're upside down. Try again.,text
ms-road-to-fpv.dialog-175,Go.,text
ms-road-to-fpv.dialog-176,Hey. Where ya goin'? Try again.,text
ms-road-to-fpv.dialog-177,Go.,text
ms-first-person-view.title,FPV: First Person View,text
ms-first-person-view.description,Introducing pilots to stick movement in FPV.,text
ms-first-person-view.shortDescription,"Now that you've learned the basics, its time to learn to fly in FPV mode. FPV stands for First Person View. So you'll be flying with the view from inside the drone. Let's get started.",text
ms-first-person-view.dialog-296,"FPV is a little harder than it seems, but you'll have it down in no time.  
Let's put our goggles on.",text
ms-first-person-view.dialog-297,"I'm going to take you through the basic controls, so you can see and feel the difference between third person view and first person view.",text
ms-first-person-view.dialog-298,Give it some throttle.,text
ms-first-person-view.dialog-299,"Notice the difference in the view, it's as if you're looking at the sky. That's because the drone's camera is at an angle for forward flying.",text
ms-first-person-view.dialog-300,"Now let's try pitch.
Your camera angle will become level when you start to move forward.",text
ms-first-person-view.dialog-301,Good. Now pitch backward.,text
ms-first-person-view.dialog-302,Wrong way. Try again.,text
ms-first-person-view.dialog-303,"Now you can see and feel the difference. I know it may feel odd, but with some practice, you'll be flying like a pro.",text
ms-first-person-view.dialog-304,Wrong way. Try again.,text
ms-first-person-view.dialog-305,"Ok, let's see how yaw feels in FPV.",text
ms-first-person-view.dialog-306,It's a bit different in FPV isn't it?,text
ms-first-person-view.dialog-307,Go ahead and yaw to the right.,text
ms-first-person-view.dialog-308,Nice now try yawing left.,text
ms-first-person-view.dialog-309,Wrong way.,text
ms-first-person-view.dialog-310,Yaw to the right.,text
ms-first-person-view.dialog-311,Wrong way.,text
ms-first-person-view.dialog-312,Yaw to the left.,text
ms-first-person-view.dialog-313,"Ok. Let's try roll. When you're ready, roll to the left or right.",text
ms-first-person-view.dialog-314,There you go.,text
ms-first-person-view.dialog-315,Mission Complete.,text
ms-first-person-view.dialog-316,Learning how to fly in FPV is as tough as it is fun. Work with me through these missions and we'll have you in racing condition before you know it.,text
ms-first-person-view.dialog-317,Hey! Where are you going?,text
ms-first-person-view.dialog-318,Try again.,text
ms-first-person-view.dialog-319, ,text
ms-first-person-view.dialog-320,Oops. You're upside down. Try again.,text
ms-first-person-view.dialog-321, ,text
ms-pitch-and-roll.title,Pitch and Roll,text
ms-pitch-and-roll.description,Get acclimated to pitch and roll in FPV,text
ms-pitch-and-roll.shortDescription,"FPV racing can be a little disorienting.
Let's see what we can do about that.",text
ms-pitch-and-roll.dialog-363,We're gonna start with pitch. Goggles on.,text
ms-pitch-and-roll.dialog-364,"I'll handle your throttle, I just want you to use pitch to move forward. I'll stop you when you've gone far enough. Go ahead.",text
ms-pitch-and-roll.dialog-365,And stop.,text
ms-pitch-and-roll.dialog-366,Wrong way. Start over.,text
ms-pitch-and-roll.dialog-367,Let's go.,text
ms-pitch-and-roll.dialog-368,Alright. Now pitch backward when you're ready. I'll tell you when to stop.,text
ms-pitch-and-roll.dialog-369,"Oops. There's a wall back there. You can't see behind you in FPV mode, so it can be easy to hit things. With plenty of practice, this wont be an issue.",text
ms-pitch-and-roll.dialog-370,Wrong way. Start over.,text
ms-pitch-and-roll.dialog-371,Let's go.,text
ms-pitch-and-roll.dialog-372,"Ok. Lets try roll. When you're ready, roll to the right.",text
ms-pitch-and-roll.dialog-373,"There's another wall. Sorry, just trying to show you how limited your vision can be with the goggles on.",text
ms-pitch-and-roll.dialog-374,Wrong way. Start over.,text
ms-pitch-and-roll.dialog-375,Let's go.,text
ms-pitch-and-roll.dialog-376,Climb to an altitude above the shipping containers and roll to the left. I'll tell you when to stop.,text
ms-pitch-and-roll.dialog-377,Nice. Now roll left.,text
ms-pitch-and-roll.dialog-378,Perfect. Nice flying.,text
ms-pitch-and-roll.dialog-379,Mission Complete.,text
ms-pitch-and-roll.dialog-380,One of the tougher things to learn in FPV racing is spatial awareness. Knowing where walls are will be key in keeping you airborne.,text
ms-pitch-and-roll.dialog-381,Wrong way. Start over.,text
ms-pitch-and-roll.dialog-382,Let's go.,text
ms-pitch-and-roll.dialog-383,Hey. Where're you going? Try again.,text
ms-pitch-and-roll.dialog-384,Go.,text
ms-pitch-and-roll.dialog-385,Watch out. Try again.,text
ms-yaw-know-what-i-mean.title,Yaw. Know what I mean?,text
ms-yaw-know-what-i-mean.description,Get acclimated with yaw in FPV,text
ms-yaw-know-what-i-mean.shortDescription,Let's try and get used to yaw in FPV.,text
ms-yaw-know-what-i-mean.dialog-457,We're gonna start off simple. Goggles on.,text
ms-yaw-know-what-i-mean.dialog-458,"Pop all the balloons in this line. When you get to the end, stop and yaw 90 degrees left to get the rest of the balloons.",text
ms-yaw-know-what-i-mean.dialog-459,Nice.,text
ms-yaw-know-what-i-mean.dialog-460,"Now, same as before but with a time limit. Remember when you get to the end of the line, yaw 90 degrees toward the next line of balloons and so on. You will have 1 minute to complete this segment.",text
ms-yaw-know-what-i-mean.dialog-461,"Time's up, you almost had it pilot!",text
ms-yaw-know-what-i-mean.dialog-462,Try again.,text
ms-yaw-know-what-i-mean.dialog-463,"We're gonna go one more time. This segment, you'll have to yaw 180 degrees a couple of times. It's nothing you can't handle in less than a minute and a half. So when you're ready...",text
ms-yaw-know-what-i-mean.dialog-464,"Time's up, you almost had it pilot.",text
ms-yaw-know-what-i-mean.dialog-465,Try again.,text
ms-yaw-know-what-i-mean.dialog-466,Go.,text
ms-yaw-know-what-i-mean.dialog-467,Fantastic flying.,text
ms-yaw-know-what-i-mean.dialog-468,"The disorientation you felt using yaw is something you'll have to get used to with FPV. There's just no way around it, yaw is one part of pulling off some of the most insane FPV racing moves around.",text
ms-yaw-know-what-i-mean.dialog-469,"But don't lose heart if it's still giving you some trouble, even the pros had a hard time with it when they were getting started. Just do what they did and keep practicing.",text
ms-yaw-know-what-i-mean.dialog-470,"You did great out there, pilot. Mission Complete.",text
ms-yaw-know-what-i-mean.dialog-471,"Ok now, 180.",text
ms-yaw-know-what-i-mean.dialog-472,Nice.,text
ms-yaw-know-what-i-mean.dialog-473,A little too much pitch there. Try again.,text
ms-yaw-know-what-i-mean.dialog-474,Hey. Where're you going? Try again.,text
ms-trust-the-thrust.title,Trust the Thrust,text
ms-trust-the-thrust.description,Get acclimated with thrust in FPV,text
ms-trust-the-thrust.shortDescription,Let's give thrust some attention.,text
ms-trust-the-thrust.dialog-419,We're gonna get back to thrust. Goggles on.,text
ms-trust-the-thrust.dialog-420,"I want you to take off and use thrust to get to the same altitude as the balloon before you, then pop it. Maneuver to it however you need.",text
ms-trust-the-thrust.dialog-421,More balloons will follow after that. You'll have 2 minutes to complete this mission. When you're ready.,text
ms-trust-the-thrust.dialog-422,You did great out there. Nice work.,text
ms-trust-the-thrust.dialog-423,"Feels good when all your skills come together like that, doesn't it? These are just the basics, but it's always good to keep those core skills sharp. I think it's time we try something new. Great work pilot.",text
ms-trust-the-thrust.dialog-424,Try again.,text
ms-trust-the-thrust.dialog-425,Let's go.,text
ms-trust-the-thrust.dialog-426,You're a bit out bounds. Let's try that again.,text
ms-trust-the-thrust.dialog-427,A little too much pitch there. Try again.,text
ms-trust-the-thrust.dialog-428,This one's behind you.,text
ms-trust-the-thrust.dialog-429,Get 'em.,text
ms-trust-the-thrust.dialog-430,Look for the rest below you.,text
ms-mixed-mission-medley.title,Mixed Mission Medley,text
ms-mixed-mission-medley.description,A medley of all the introductory missions.,text
ms-mixed-mission-medley.shortDescription,Let's see if you remember what you just learned.,text
ms-mixed-mission-medley.dialog-409,Let's see what you've learned. Goggles on.,text
ms-mixed-mission-medley.dialog-410,I want you to take off and use pitch to move down this path. Pop the balloons as you move along. That's it. Simple right?,text
ms-mixed-mission-medley.dialog-411,When you're ready.,text
ms-mixed-mission-medley.dialog-412,You did great out there. Nice work.,text
ms-mixed-mission-medley.dialog-413,Mission Complete.,text
ms-mixed-mission-medley.dialog-414,Where are you going? Get back here.,text
ms-mixed-mission-medley.dialog-415,Go on pop'em.,text
ms-mixed-mission-medley.dialog-416,Watch out! Try again.,text
ms-mixed-mission-medley.dialog-417,This one is behind you. Go on pop'em.,text
ms-mixed-mission-medley.dialog-418,Pop this last one and land.,text
ms-wide-turns.title,Wide Turns,text
ms-wide-turns.description,Learn and practice making smooth turns.,text
ms-wide-turns.shortDescription,"It's time to tackle one of the toughest things in drone racing, turns.",text
ms-wide-turns.dialog-443,Pop this ring of balloons using a left turn.,text
ms-wide-turns.dialog-444,When you're ready.,text
ms-wide-turns.dialog-445,Pro Tip: Use both Yaw and Roll while turning to have a smooth continuous turn.,text
ms-wide-turns.dialog-446,Well done.,text
ms-wide-turns.dialog-447,"Now, pop the balloons using a right turn.",text
ms-wide-turns.dialog-448,Mission Complete.,text
ms-wide-turns.dialog-449,"Turns take a lot of practice, so feel free to meet me here again to give this mission another shot.",text
ms-wide-turns.dialog-450,"Now, it's time to take on both rings.",text
ms-wide-turns.dialog-451,Go for it!,text
ms-wide-turns.dialog-452,Mission Complete!,text
ms-wide-turns.dialog-453,"Turns take a lot of practice, so feel free to meet me here again to give this mission another shot.",text
ms-wide-turns.dialog-454,You're a bit out bounds. Let's try that again.,text
ms-wide-turns.dialog-455,Go.,text
ms-wide-turns.dialog-456,A little too much pitch there. Try again.,text
ms-flying-circus.title,Flying Circus,text
ms-flying-circus.description,The three ringed practice course.,text
ms-flying-circus.shortDescription,"You're getting the hang of the figure eight, let's see how you do with the three rings.",text
ms-flying-circus.dialog-354,"This practice course should help strengthen those turning skills you just learned. Now, this isn't a race, but try to see how fast you can get though the course.",text
ms-flying-circus.dialog-355,"If you start having trouble, slow down until you get the turning motion right. Your only competition out there right now is yourself, might as well make it fair, right?",text
ms-flying-circus.dialog-356,The drone's all yours.,text
ms-flying-circus.dialog-357,The drone's all yours.,text
ms-flying-circus.dialog-358,"Looking good, pilot.
Mission Complete.",text
ms-flying-circus.dialog-359,"It looks like you're really getting into the groove out there. Come back anytime to practice, anytime.",text
ms-flying-circus.dialog-360,You're a bit out bounds. Let's try that again.,text
ms-flying-circus.dialog-361,Go.,text
ms-flying-circus.dialog-362,A little too much pitch there. Try again.,text
ms-snowman-run.title,Snowman Run,text
ms-snowman-run.description,"Another three ringed practice course, with sequentially tightening turns.",text
ms-snowman-run.shortDescription,"Would you like to build a snowman? Well you can't, there's no snow today. But what you can do, is practice on my snowman track.",text
ms-snowman-run.dialog-475,This practice course is designed to ease you into making tighter turns. Follow the path in front of you and do your best.,text
ms-snowman-run.dialog-476,"The turns get tighter as you make your way through the course, but they'll ease up a little toward the end. Don't worry pilot, this is just practice.",text
ms-snowman-run.dialog-477,Just keep doing what you do best.,text
ms-snowman-run.dialog-478,Pro Tip: Remember to use both yaw and roll together to keep those turns smooth.,text
ms-snowman-run.dialog-479,Another smooth run.,text
ms-snowman-run.dialog-480,Mission Complete.,text
ms-snowman-run.dialog-481,"Tighter turns take some getting used to, but it's nothing you're not ready for. Be sure to come back and practice.",text
ms-snowman-run.dialog-482,You're a bit out bounds. Let's try that again.,text
ms-snowman-run.dialog-483,Go.,text
ms-snowman-run.dialog-484,A little too much pitch there. Try again.,text
ms-slammin-slalom.title,Slammin’ Slalom,text
ms-slammin-slalom.description,Turning practice using a slalom course.,text
ms-slammin-slalom.shortDescription,"Now that you've had some basic turning practice, let's see how you handle the slalom.",text
ms-slammin-slalom.dialog-508,This course is designed to let you use the turning skills you've just learned.,text
ms-slammin-slalom.dialog-509,This course is designed to let you use the turning skills you've just learned.,text
ms-slammin-slalom.dialog-510,Nice work.,text
ms-slammin-slalom.dialog-511,Good job. Next step gets more challenging.,text
ms-slammin-slalom.dialog-512,You ready?,text
ms-slammin-slalom.dialog-513,"Good flying, pilot.",text
ms-slammin-slalom.dialog-514,Mission Complete.,text
ms-slammin-slalom.dialog-515,There are no gates out there. Get back here.,text
ms-slammin-slalom.dialog-516,Watch out. Try again.,text
ms-flight-club.title,Flight Club,text
ms-flight-club.description,The first rule of flight club is pinch the sticks.,text
ms-flight-club.shortDescription,In this mission we introduce altitude changes to practice throttle control.,text
ms-flight-club.dialog-322,"There's a bit of a twist for this mission. While all previous practice runs kept you at the same altitude, one of the rings in this course is elevated higher than the other two.",text
ms-flight-club.dialog-323,"The elevation difference between the higher ring and the two lower rings isn't much, but you're gonna have to get used to manipulating altitude, while executing a turn. It sounds simple, but it might throw you off a little, in the beginning.",text
ms-flight-club.dialog-324,"For this first segment, you'll be making left turns. You can do this.",text
ms-flight-club.dialog-325,"For this first segment, you'll be making left turns. You can do this.",text
ms-flight-club.dialog-326,Nicely done.,text
ms-flight-club.dialog-327,"This time around, you'll be making right turns.",text
ms-flight-club.dialog-328,You've already done this making lefts.This should be no problem for you. Just focus and keep steady.,text
ms-flight-club.dialog-329,You can do it.,text
ms-flight-club.dialog-330,"Alright. Great flying there, pilot.",text
ms-flight-club.dialog-331,You adapted really well to the elevation change. Great job.,text
ms-flight-club.dialog-332,Mission Complete.,text
ms-flight-club.dialog-333,"You've been practicing your turns and it shows. Keep it up pilot, you're going to need those skills for the upcoming missions.",text
ms-flight-club.dialog-334,You're a bit out bounds. Let's try that again.,text
ms-flight-club.dialog-335,Go.,text
ms-flight-club.dialog-336,A little too much pitch there. Try again.,text
ms-corsa-di-farfalla.title,Corsa di Farfalla,text
ms-corsa-di-farfalla.description,"A course shaped like a butterfly, for pilots to practice turns on.",text
ms-corsa-di-farfalla.shortDescription,This is another course to help you practice those turns. You should really be able to tear through this one by now.,text
ms-corsa-di-farfalla.dialog-272,"This one's a bit like the last one, except there are four rings now and two of them will be lower than the others.",text
ms-corsa-di-farfalla.dialog-273,"We're gonna step up the turn game with the alititude shifts. You did really well last mission, this shouldn't be too big a change, once you've gotten the hang of it.",text
ms-corsa-di-farfalla.dialog-274,Left turns for the first segment. Nothing you can't handle.,text
ms-corsa-di-farfalla.dialog-275,Left turns for the first segment. Nothing you can't handle.,text
ms-corsa-di-farfalla.dialog-276,Good stuff.,text
ms-corsa-di-farfalla.dialog-277,Right turns for this run.,text
ms-corsa-di-farfalla.dialog-278,"You're handling this course faster than the last pilot. I'm very impressed. But, stay focused, don't let the altitude changes trip you up.",text
ms-corsa-di-farfalla.dialog-279,When you're ready.,text
ms-corsa-di-farfalla.dialog-280,Do it.,text
ms-corsa-di-farfalla.dialog-281,Top notch there pilot.,text
ms-corsa-di-farfalla.dialog-282,"Nice work. This is a tough lesson, keeping track of a race line while changing altitude. Keep it up.",text
ms-corsa-di-farfalla.dialog-283,Mission Complete.,text
ms-corsa-di-farfalla.dialog-284,You're a bit out bounds. Let's try that again.,text
ms-corsa-di-farfalla.dialog-285,Go.,text
ms-corsa-di-farfalla.dialog-286,A little too much pitch there. Try again.,text
ms-second-slalom.title,Second Slalom,text
ms-second-slalom.description,A horseshoe shaped slalom course.,text
ms-second-slalom.shortDescription,Let's see how you handle a slalom on a curving path.,text
ms-second-slalom.dialog-431,Based on how well you handled the last mission. This shouldn't be too much of a curveball for you.,text
ms-second-slalom.dialog-432,"Stick control is key. Remember, staying oriented in a turn, whether sharp or gentle, requires both yaw and roll.",text
ms-second-slalom.dialog-433,When you're ready.,text
ms-second-slalom.dialog-434,When you're ready.,text
ms-second-slalom.dialog-435,You're doing great.,text
ms-second-slalom.dialog-436,"Very smooth, pilot. Let's take the drone back the other way.",text
ms-second-slalom.dialog-437,See if you can beat the last segment's time on the return flight.,text
ms-second-slalom.dialog-438,Ready? Lets go.,text
ms-second-slalom.dialog-439,Great flying.,text
ms-second-slalom.dialog-440,Mission Complete.,text
ms-second-slalom.dialog-441,You're a bit out bounds. Let's try that again.,text
ms-second-slalom.dialog-442,A little too much pitch there. Try again.,text
ms-dna-run.title,DNA Run,text
ms-dna-run.description,A double helix shaped slalom course.,text
ms-dna-run.shortDescription,"You handled the curving slalom so easily, I thought you could use more of a challenge.",text
ms-dna-run.dialog-287,"This mission, we're turning up the difficulty on the slalom by adding tighter curving path as well as some altitude shifts.",text
ms-dna-run.dialog-288,"It might take some getting used to, but I get the feeling you're gonna do ok. Try and see how fast you can clear this course.",text
ms-dna-run.dialog-289,Get ready. Fly.,text
ms-dna-run.dialog-290,Get ready. Fly.,text
ms-dna-run.dialog-291,Yes.,text
ms-dna-run.dialog-292,Mission complete.,text
ms-dna-run.dialog-293,Outstanding flying pilot. I think you're ready for a walk in the woods. See you next mission.,text
ms-dna-run.dialog-294,You're a bit out bounds. Let's try that again.,text
ms-dna-run.dialog-295,A little too much pitch there. Try again.,text
ms-fly-r-squared.title,Fly R Squared,text
ms-fly-r-squared.description,A closed course with square turns.,text
ms-fly-r-squared.shortDescription,Here you will learn how to maintain your altitude with tight turns.,text
ms-fly-r-squared.dialog-337,This course is designed to be the start of your acute turn training. We'll start with 90 degree left turns.,text
ms-fly-r-squared.dialog-338,Fly through the gates and pop the balloons at each corner. Try to make the turns as sharp as possible and maintain your momentum.,text
ms-fly-r-squared.dialog-339,When you're ready.,text
ms-fly-r-squared.dialog-340,When you're ready.,text
ms-fly-r-squared.dialog-341,Nicely done.,text
ms-fly-r-squared.dialog-342,This time around you'll be making 90 degree right turns.,text
ms-fly-r-squared.dialog-343,"You did well with left turns, try to do the same with right turns. Remember, try to keep them sharp and maintain your momentum.",text
ms-fly-r-squared.dialog-344,Let's do this.,text
ms-fly-r-squared.dialog-345,Looking good out there pilot.,text
ms-fly-r-squared.dialog-346,"For this segment, you'll start with left turns, in the left section of the course, then take a right turn into the right section of the course and complete the circuit. This time, lets kick up the speed a bit.",text
ms-fly-r-squared.dialog-347,"You're really starting to get the hang of acute turns. With its 8 turns and a transition in between, this course should be a good test of those skills. ",text
ms-fly-r-squared.dialog-348,Go for it.,text
ms-fly-r-squared.dialog-349,That's some amazing flying. You're gonna make one formidable racer.,text
ms-fly-r-squared.dialog-350,Mission Complete.,text
ms-fly-r-squared.dialog-351,There are no gates out there. Get back here.,text
ms-fly-r-squared.dialog-352,Watch out. Try again.,text
ms-the-square-route.title,The Square Route,text
ms-the-square-route.description,"A course full of right angles, for pilots to practice 90 degree turns.",text
ms-the-square-route.shortDescription,This course expands on the 90 degree turns you've just started practicing. Try to take on this series of turns as fast as you can.,text
ms-the-square-route.dialog-396,Same idea as before: follow the path the gates create for you and complete it as quickly as possible. Try not to stray too far from the poles as if you do you'll have to repeat the turn.,text
ms-the-square-route.dialog-397,"This course also has shifts in altitude, be mindful of how that will affect your turns.",text
ms-the-square-route.dialog-398,"Like any other course, this isn't anything you can't handle. Stay focused.",text
ms-the-square-route.dialog-399,"Like any other course, this isn't anything you can't handle. Stay focused.",text
ms-the-square-route.dialog-400,Good stuff.,text
ms-the-square-route.dialog-401,You did great last segment. Take another go at the course.,text
ms-the-square-route.dialog-402,I'm very happy with the progress I'm seeing pilot. Keep it up.,text
ms-the-square-route.dialog-403,When you're ready. Go for it.,text
ms-the-square-route.dialog-404,"Nice flying, ace. You're living proof that practice makes perfect.
You should be proud of yourself.",text
ms-the-square-route.dialog-405,Mission Complete.,text
ms-the-square-route.dialog-406,There are no gates out there. Get back here.,text
ms-the-square-route.dialog-407,Watch out. Try again.,text
ms-hour-glass.title,Hourglass,text
ms-hour-glass.description,This course is designed to allow pilots to practice 45 degree turns.,text
ms-hour-glass.shortDescription,This course will challenge your acute turning skills with its 45 degree turns.,text
ms-hour-glass.dialog-517,"You should be able to whip around the track pretty quickly at this point, but if you need to take it slow, that's fine too. Just remember, there is no slow on a race track.",text
ms-hour-glass.dialog-518,"These turns are sharper than before, but the concept is the same. Remember to stay as close to the poles as you can while you make your way around them and try not to get too disoriented.",text
ms-hour-glass.dialog-519,When you're ready.,text
ms-hour-glass.dialog-520,Remember to use both yaw and roll together to make those tight turns.,text
ms-hour-glass.dialog-521,"Not bad, pilot.",text
ms-hour-glass.dialog-522,This time around your path will have a few ups and downs.,text
ms-hour-glass.dialog-523,"It will be a little more challenging this way, but with practice, you'll adapt.",text
ms-hour-glass.dialog-524,Are you ready? Let's go.,text
ms-hour-glass.dialog-525,Remember to use both yaw and roll together to make those tight turns.,text
ms-hour-glass.dialog-526,What did I tell you? Great flying.,text
ms-hour-glass.dialog-527,Mission complete.,text
ms-hour-glass.dialog-528,"Nice work pilot, see you in the next mission.",text
ms-hour-glass.dialog-529,You're a bit out bounds. Let's try that again.,text
ms-hour-glass.dialog-530,A little too much pitch there. Try again.,text
ms-star-road.title,Star Road,text
ms-star-road.description,This star-shaped course challenges a pilot's skills with turns that are sharper than 45 degrees.,text
ms-star-road.shortDescription,"The turns are getting sharper, but then, so are your flying skills. Let's get out there and see what you can do.",text
ms-star-road.dialog-497,"As the turns get sharper, you'll find that precision becomes more important. ",text
ms-star-road.dialog-498,"For this segment, you'll be working with right turns. Stay close to the poles, and focused.",text
ms-star-road.dialog-499,Remember to use both yaw and roll together to make those tight turns.,text
ms-star-road.dialog-500,Nice.,text
ms-star-road.dialog-501,This segment is for practicing left turns.,text
ms-star-road.dialog-502,Just keep doing what you're doing pilot. Stick control and precision wins races.,text
ms-star-road.dialog-503,Remember to use both yaw and roll together to make those tight turns.,text
ms-star-road.dialog-504,Nice flying.,text
ms-star-road.dialog-505,Mission Complete.,text
ms-star-road.dialog-506,You're a bit out bounds. Let's try that again.,text
ms-star-road.dialog-507,A little too much pitch there. Try again.,text
ms-rising-sun.title,Rising sun,text
ms-rising-sun.description,This course challenges pilots with the sharpest turns yet.,text
ms-rising-sun.shortDescription,"All your practice has been leading to this, the sharpest turns you've had to take.",text
ms-rising-sun.dialog-386,"This will be simple enough, you just need to fly out to each balloon as it appears and pop it.",text
ms-rising-sun.dialog-387,Make sure all the balloons are popped. Go for it.,text
ms-rising-sun.dialog-388,Make sure all the balloons are popped. Go for it.,text
ms-rising-sun.dialog-389,Whoa.,text
ms-rising-sun.dialog-390,"You did pretty well last segment, so I've upped the challenge a bit.",text
ms-rising-sun.dialog-391,It's nothing you won't be able to handle. Let's give it a go.,text
ms-rising-sun.dialog-392,You are a natural.,text
ms-rising-sun.dialog-393,Mission Complete.,text
ms-rising-sun.dialog-394,You're a bit out bounds. Let's try that again.,text
ms-rising-sun.dialog-395,A little too much pitch there. Try again.,text
ms-zig-zag.title,Zig Zag,text
ms-zig-zag.description,Introduction to 180 turns.,text
ms-zig-zag.shortDescription,"These turns can be very difficult,
but also very fun.",text
ms-zig-zag.dialog-485,"This mission is pretty straight forward. Fly through the gate, pop the balloon, turn around, fly back through the same gate, find the next pair of gate and balloon, and repeat.",text
ms-zig-zag.dialog-486,"Make sure you get through all the gates as quickly as possible, you're being timed for this one. Here we go.",text
ms-zig-zag.dialog-487,You're doing great. Let's give that another run.,text
ms-zig-zag.dialog-488,It seems you need to be faster. Try it again. Practice makes the Master.,text
ms-zig-zag.dialog-489,When you're ready.,text
ms-zig-zag.dialog-490,Go.,text
ms-zig-zag.dialog-491,Fantastic.,text
ms-zig-zag.dialog-492,Mission Complete.,text
ms-zig-zag.dialog-493,"Now that you've really gotten the hang of turns, you're ready for the next step in your training. I've got to get that set up. See you soon, pilot.",text
ms-zig-zag.dialog-494,It seems you need to be faster. Try it again. Practice makes the Master.,text
ms-zig-zag.dialog-495,You're a bit out bounds. Let's try that again.,text
ms-zig-zag.dialog-496,A little too much pitch there. Try again.,text
ms-a-flight-in-the-woods.title,A Flight In The Woods,text
ms-a-flight-in-the-woods.description,A slalom course that takes place through the trees.,text
ms-a-flight-in-the-woods.shortDescription,This mission will put all your skills to the test.,text
ms-a-flight-in-the-woods.dialog-263,You've got 4 minutes to slalom your way to the lake.,text
ms-a-flight-in-the-woods.dialog-264,"As long as you've been practicing, you shouldn't have too much of a problem with this course.",text
ms-a-flight-in-the-woods.dialog-265,Are you ready? Let's go. ,text
ms-a-flight-in-the-woods.dialog-266,Are you ready? Let's go. ,text
ms-a-flight-in-the-woods.dialog-267,"Nice work, pilot.",text
ms-a-flight-in-the-woods.dialog-268,Mission Complete.,text
ms-a-flight-in-the-woods.dialog-269,"Times up. You can do it, try again.",text
ms-a-flight-in-the-woods.dialog-270,You're a bit out bounds. Let's try that again.,text
ms-a-flight-in-the-woods.dialog-271,A little too much pitch there. Try again.,text
ms-back-to-basics.title,Back to Basics,text
ms-back-to-basics.description,Introducing pilots to movement in Intermediate Mode.,text
ms-back-to-basics.shortDescription,It's time to take the next step in your journey to becoming a drone racer. Intermediate mode means you'll have more control over your drone. It also means a new set of challenges.,text
ms-back-to-basics.dialog-568,This mission is for you to get used to the way your drone handles in Intermediate Mode.,text
ms-back-to-basics.dialog-569,Intermediate Mode changes two things:,text
ms-back-to-basics.dialog-570,"First, Throttle assist is turned off, so your drone won't maintain altitude without input from you.",text
ms-back-to-basics.dialog-571,"Second, Stability assist is also turned off, so your drone won't level itself out without any input from you.",text
ms-back-to-basics.dialog-572,"Take the drone out for a spin, try out a couple of basic manuevers, and keep what I said in mind while you're out there.",text
ms-back-to-basics.dialog-573,"Take the drone out for a spin, try out a couple of basic manuevers, and keep what I said in mind while you're out there.",text
ms-back-to-basics.dialog-574,Mission Complete.,text
ms-back-to-basics.dialog-575,"If you're done flying, press A to end this mission early.",text
ms-back-to-basics.dialog-576,Mission Complete.,text
ms-back-to-basics.dialog-577,You're inverted. With the assistants turned off you'll have to remember to level your drone out. Let's get back out there and try again.,text
ms-back-to-basics.dialog-578,"You're too far out, let's try to stay inside the stadium.",text
ms-flying-steady.title,"Back to Basics, Flying Steady",text
ms-flying-steady.description,"Ok pilot, in this mission we'll focus on throttle control. This is the foundation to all FPV flying, master this... and all else will fall into place. ",text
ms-flying-steady.shortDescription,"As you've noticed, throttle in Intermediate/Pro Mode requires a little more attention than before.",text
ms-flying-steady.dialog-605,This mission you're going to practice hovering. I want you to take off and maintain your altitude. Try to stay within a few feet of your launch point.,text
ms-flying-steady.dialog-606,This mission you're going to practice hovering. I want you to take off and maintain your altitude. Try to stay within a few feet of your launch point.,text
ms-flying-steady.dialog-607,Well done. Now take the drone up higher. ,text
ms-flying-steady.dialog-608,Nice work.,text
ms-flying-steady.dialog-609,"You can see it not only takes work to keep the drone aloft, but trying to maintain it at a fixed point also requires some effort. You handled that nicely. Mission Complete.",text
ms-flying-steady.dialog-610,You're inverted. With the assistants turned off you'll have to remember to level your drone out. Let's get back out there and try again.,text
ms-flying-steady.dialog-611,"You're a bit too far out.
Try again.",text
ms-flying-steady.dialog-612,Too high. Try again.,text
ms-up-and-out.title,"Back to Basics, Up and Out",text
ms-up-and-out.description,"Ok pilot, lets work on throttle control after forward movement. Regaining control is key to becoming a pro pilot. You never know when you'll need to make a correction. ",text
ms-up-and-out.shortDescription,"For this mission, we'll be working on sharpening those throttle skills.",text
ms-up-and-out.dialog-735,Just follow my instructions. Throttle up.,text
ms-up-and-out.dialog-736,Just follow my instructions. Throttle up.,text
ms-up-and-out.dialog-737,Nice flying.,text
ms-up-and-out.dialog-738,Too high.,text
ms-up-and-out.dialog-739,"You're a bit too far out.
Try again.",text
ms-up-and-out.dialog-741,"Climb up to the balloon that appears, and pop it. Hold that altitude until the next balloon appears and reapeat. You're being timed.",text
ms-up-and-out.dialog-742,Great work. Mission complete.,text
ms-up-and-out.dialog-743,Too high. Try again.,text
ms-up-and-out.dialog-744,Too close to the ground. Try again.,text
ms-up-and-out.dialog-745,Oops. You're upside down. Try again.,text
ms-up-and-out.dialog-746,"You're a bit too far out.
Try again.",text
ms-up-and-over.title,"Back to Basics, Up and Over",text
ms-up-and-over.description,"Let's continue working on control. For this mission we will be working on throttle control after using roll. Remember, smooth stick movements are key.  ",text
ms-up-and-over.shortDescription,"For this mission, we'll be working on sharpening those throttle skills.",text
ms-up-and-over.dialog-747,The onscreen prompts will guide you to where you need to go.,text
ms-up-and-over.dialog-748,The onscreen prompts will guide you to where you need to go.,text
ms-up-and-over.dialog-749,"Same as before, follow the onscreen prompts. You'll be timed this time.",text
ms-up-and-over.dialog-750,Well done. Mission Complete.,text
ms-up-and-over.dialog-751,"You're a bit too far out.
Try again.",text
ms-up-and-over.dialog-752,Oops. You're upside down. Try again.,text
ms-up-and-over.dialog-753,Too close to the ground. Try again.,text
ms-like-a-record.title,"Back to Basics, Like a Record Baby",text
ms-like-a-record.description,"Yaw, and its on screen effects.",text
ms-like-a-record.shortDescription,This mission we're going to work with yaw in Intermediate Mode.,text
ms-like-a-record.dialog-622,"Since the camera on the drone is placed at an angle, when the drone is pitched and yaw is applied, the motion creates an effect that appears like the camera is following a U-shape.",text
ms-like-a-record.dialog-623,"I'll keep the drone locked in place, while you apply right yaw.",text
ms-like-a-record.dialog-624,Good.  You normally don't apply JUST yaw during a maneuver. Most actions in drone racing require both sticks to be used simultaneously.,text
ms-like-a-record.dialog-625,"Keeping your drone level during a turn, requires that you use both sticks in tandem.",text
ms-like-a-record.dialog-626,Wrong way.,text
ms-like-a-record.dialog-627,Apply right yaw.,text
ms-like-a-record.dialog-628,"I'll keep the drone locked in place again, but this time use both yaw and roll to keep the drone relatively level.",text
ms-like-a-record.dialog-629,"Great, one more time.",text
ms-like-a-record.dialog-630,Mission complete.,text
ms-like-a-record.dialog-631,"I know it's a lot, but now that you've experienced it, you're better equipped to deal with it. See you next mission, pilot.",text
ms-back-it-up.title,"Back to Basics, Back it up",text
ms-back-it-up.description,Practicing pitching backward.,text
ms-back-it-up.shortDescription,"This next mission will really challenge your skills.
Get ready to practice pitching backward.",text
ms-back-it-up.dialog-543,I want you to take off straight up in the air then pitch backwards. The gauge will tell you when you're directly over the first target. ,text
ms-back-it-up.dialog-544,Are you ready? Go.,text
ms-back-it-up.dialog-545,Are you ready? Go.,text
ms-back-it-up.dialog-546,"Great. Now do it one more time, then land.",text
ms-back-it-up.dialog-547,"Nicely done. Pitching backward can be very disorienting on its own, but in Intermediate/Pro Mode, it's even more so. You're gonna want to practice this more than once. Let's go one more time.",text
ms-back-it-up.dialog-548,Go for it.,text
ms-back-it-up.dialog-549,Mission Complete.,text
ms-back-it-up.dialog-550,"Hey. Where are you going?
Try again.",text
ms-back-it-up.dialog-551,Oops. You're upside down. Try again.,text
ms-lets-mix-it-up.title,"Back to Basics, let’s mix it up",text
ms-lets-mix-it-up.description,A mix of the previous missions.,text
ms-lets-mix-it-up.shortDescription,It's time to put what you've learned to the test.,text
ms-lets-mix-it-up.dialog-613,"Take off then pitch backward and hover, then follow the balloons as they appear. If no balloon appears after the last one, hold your position until the next one appears.",text
ms-lets-mix-it-up.dialog-614,"Good luck, pilot. Go.",text
ms-lets-mix-it-up.dialog-615,"Good luck, pilot. Go.",text
ms-lets-mix-it-up.dialog-616,Nice work.,text
ms-lets-mix-it-up.dialog-617,Beautifully done. Mission Complete.,text
ms-lets-mix-it-up.dialog-618,"This segment is the same as the last, take off, pitch backward and pop the balloon, then follow the balloons.",text
ms-lets-mix-it-up.dialog-619,Clock's ticking.,text
ms-lets-mix-it-up.dialog-620,Oops. You're upside down. Try again.,text
ms-lets-mix-it-up.dialog-621,"Hey. Where are you going?
Try again.",text
ms-around-the-bend.title,"Back to Basics, Around The Bend",text
ms-around-the-bend.description,"Let's take a turn around the flags. For this mission, you'll take on wide, sweeping right and left turns. The key here is smooth, steady stick control. ",text
ms-around-the-bend.shortDescription,It's time to take on turns.,text
ms-around-the-bend.dialog-531,It's time to tackle turns in Intermediate/Pro Mode. Follow the path of the flags. Try to keep them close as you execute the turn.,text
ms-around-the-bend.dialog-532,"This may be frustrating at first. There's nothing wrong with taking it slow here, so feel free to take your time. Speed will come with practice. Go.",text
ms-around-the-bend.dialog-533,Well done. Now let's try a left turn.,text
ms-around-the-bend.dialog-534,Great flying. Lets make it a bit more challenging.,text
ms-around-the-bend.dialog-535,"For this segment, get to the end of the big S shaped path.",text
ms-around-the-bend.dialog-536,Nice. Mission Complete. You're on your way to mastering turns.,text
ms-around-the-bend.dialog-537,Too close.,text
ms-around-the-bend.dialog-538,"You're a bit too far out, let's try this again.",text
ms-around-the-bend.dialog-539,Oops. Try again.,text
ms-around-the-bend.dialog-540,Where were you going?,text
ms-around-the-bend.dialog-541,Follow the trail and you will get to the goal.,text
ms-around-the-bend.dialog-542,Where were you going?,text
ms-circles-are-friends.title,"Back to Basics, Circles are Our Friends",text
ms-circles-are-friends.description,"This mission, turning lessons come full circle.",text
ms-circles-are-friends.shortDescription,This mission we're moving on to turning complete circles.,text
ms-circles-are-friends.dialog-591,Take off and head toward the gate in front of you then follow the path the flags create. Your goal this mission is complete two laps as quickly as possible.,text
ms-circles-are-friends.dialog-592,The clock won't start ticking until you pass through the gate the first time. When you're ready.,text
ms-circles-are-friends.dialog-593,The clock won't start ticking until you pass through the gate the first time. When you're ready.,text
ms-circles-are-friends.dialog-594,Fantastic. Let's do this one more time.,text
ms-circles-are-friends.dialog-595,Mission Complete.,text
ms-circles-are-friends.dialog-596,"Too close.
Again.",text
ms-circles-are-friends.dialog-597,Try to stay close to the path the flags create.,text
ms-circles-are-friends.dialog-598,Oops. Try again.,text
ms-build-a-snowman.title,"Back to Basics, Do you wanna build a snowman?",text
ms-build-a-snowman.description,"We really like snowmen, so much so, we've made another mission on it. Keep those sticks steady, and remember to use both sticks while turning. ",text
ms-build-a-snowman.shortDescription,"This one's a fun one.
Come on, let's go and play.",text
ms-build-a-snowman.dialog-579,"Fly into the course and take a right to start with the first ring, then make your way through the rest of them. Pay attention, since the rings will be different sizes, your turns will start to get a bit tighter.",text
ms-build-a-snowman.dialog-580,This is nothing you haven't done before. When you're ready.,text
ms-build-a-snowman.dialog-581,Fly.,text
ms-build-a-snowman.dialog-582,Fly.,text
ms-build-a-snowman.dialog-583,Well done.,text
ms-build-a-snowman.dialog-584,"This course is a smaller version of the last one, and you'll follow the same path. The turns are going to be a bit tighter and you'll have a clock keeping track of your time. But it's nothing you can't handle.",text
ms-build-a-snowman.dialog-585,Go.,text
ms-build-a-snowman.dialog-586,Fantastic. Same as before.,text
ms-build-a-snowman.dialog-587,Do it.,text
ms-build-a-snowman.dialog-588,Very good. Mission Complete.,text
ms-build-a-snowman.dialog-589,"You're a bit too far out.
Try again.",text
ms-build-a-snowman.dialog-590,A little too much pitch there. Try again.,text
ms-figure-8.title,Figure 8,text
ms-figure-8.description,Flying figure 8s to practice turns.,text
ms-figure-8.shortDescription,"Getting used to turning in Intermediate/Pro Mode will take a little practice.
This course will help with that.",text
ms-figure-8.dialog-599,"Take 3 laps around the course. If you have any problems navigating this track, just take it slow. You can always come back and beat your course record.",text
ms-figure-8.dialog-600,"Take 3 laps around the course. If you have any problems navigating this track, just take it slow. You can always come back and beat your course record.",text
ms-figure-8.dialog-601,Well done. Let's try that one more time.,text
ms-figure-8.dialog-602,Nice. Mission complete.,text
ms-figure-8.dialog-603,Oops. You're upside down. Try again.,text
ms-figure-8.dialog-604,"Hey, where are you going?
Try again.",text
ms-the-ringer.title,The Ringer!,text
ms-the-ringer.description,Race around the squared circle.,text
ms-the-ringer.shortDescription,This course set up to help you get used to turns in a more race-like envrionment.,text
ms-the-ringer.dialog-721,Take off and approach the pole on it's right side. Make a left-turning loop around the pole and head to the next one.,text
ms-the-ringer.dialog-722,"Do this until you return to your staring point, then land. The on-screen indicators will guide you through the course.",text
ms-the-ringer.dialog-723,"Nice flying. Let's do that again, only this time approach from the left and make right-turning loops around the poles.",text
ms-the-ringer.dialog-724,Mission complete.,text
ms-the-ringer.dialog-725,Oops. You're upside down. Try again.,text
ms-the-ringer.dialog-726,"You're a bit too far out.
Try again.",text
ms-wish-upon-a-star.title,Wish upon a star,text
ms-wish-upon-a-star.description,Practice turns on a star shaped course.,text
ms-wish-upon-a-star.shortDescription,This is another track designed to help you with your turns.,text
ms-wish-upon-a-star.dialog-754,Take off and make your way around the star course. The poles will mark turns and the on screen indicators will show you which direction you should head.,text
ms-wish-upon-a-star.dialog-755,"You'll want to make your way around as fast as possible. But if the course starts to give you some problems, just take slow until you get the hang of it.",text
ms-wish-upon-a-star.dialog-756,Great work. Try to make it around even faster this time.,text
ms-wish-upon-a-star.dialog-757,Mission complete.,text
ms-wish-upon-a-star.dialog-758,Oops. You're upside down. Try again.,text
ms-wish-upon-a-star.dialog-759,"Hey. Where are you going?
Try again.",text
ms-search-and-destroy.title,Search and Destroy,text
ms-search-and-destroy.description,Hunting balloons downtown.,text
ms-search-and-destroy.shortDescription,"It's time for a fun mission.
Let's take what you've learned and put into practice.",text
ms-search-and-destroy.dialog-642,I've hidden balloons all around the downtown area. Use your skills to locate and destroy all the balloons before your time runs out.,text
ms-search-and-destroy.dialog-643,"If you start having a hard time, I'll point you in the right direction. Just remember you have 6 minutes, and the clock is always ticking.",text
ms-search-and-destroy.dialog-644,Mission Complete.,text
ms-search-and-destroy.dialog-645,"Time's up.
Try again.",text
ms-search-and-destroy.dialog-646,"If you start having a hard time, I'll point you in the right direction. Just remember you have 6 minutes, and the clock is always ticking.",text
ms-search-and-destroy.dialog-647,"Hey. Where are you going?
Try again.",text
ms-search-and-destroy.dialog-648,Oops. You're upside down. ,text
ms-search-and-destroy.dialog-649,Try again.,text
ms-the-double-helix.title,The Double Helix,text
ms-the-double-helix.description,"This one is fun and challenging. Make your way down, then up the garage ramps as fast as possible.",text
ms-the-double-helix.shortDescription,"This one is fun and challenging. Make your way down, then up the garage ramps as fast as possible.",text
ms-the-double-helix.dialog-650,This mission is straightforward. Follow the path down and up the ramps to the other side. The timer will be keeping track of how long it takes.,text
ms-the-double-helix.dialog-651,Remember to use both sticks to turn fastest and smoothest.,text
ms-the-double-helix.dialog-652,Remember to use both sticks to turn fastest and smoothest.,text
ms-the-double-helix.dialog-653,Great flying.,text
ms-the-double-helix.dialog-654,Let's try that one more time.,text
ms-the-double-helix.dialog-655,Mission Complete.,text
ms-the-double-helix.dialog-656,Time's out. Try again.,text
ms-the-double-helix.dialog-657,Oops. You're upside down. Try again.,text
ms-the-double-helix.dialog-658,Hey. Where are you going?,text
ms-the-double-helix.dialog-659,Try again.,text
ms-off-the-beaten-path.title,Off the beaten path,text
ms-off-the-beaten-path.description,Apply what you've learned on this simple race circuit.,text
ms-off-the-beaten-path.shortDescription,Time to apply your flying skills to this mini-race track.,text
ms-off-the-beaten-path.dialog-632,Focus on getting through this course as quickly as possible. You'll need to complete 2 laps to finish. Coordinated use of both sticks is the key to victory. Good luck.,text
ms-off-the-beaten-path.dialog-633,Mission Complete.,text
ms-off-the-beaten-path.dialog-634,Oops. You're upside down. Try again.,text
ms-off-the-beaten-path.dialog-635,Hey. Where are you going?,text
ms-off-the-beaten-path.dialog-636,Try again.,text
ms-parking-lot-slalom.title,Parking lot slalom,text
ms-parking-lot-slalom.description,A slalom course in the Miami parking lot.,text
ms-parking-lot-slalom.shortDescription,I think it's time to test your flying skills with a slalom.,text
ms-parking-lot-slalom.dialog-637,"This one's simple, but challenging. Slalom through the parking lot then loop around the last pole and make your way back.",text
ms-parking-lot-slalom.dialog-638,Mission Complete.,text
ms-parking-lot-slalom.dialog-639,Oops. You're upside down. Try again.,text
ms-parking-lot-slalom.dialog-640,"Hey. Where are you going?
",text
ms-parking-lot-slalom.dialog-641,Try again.,text
ms-the-obstacle-course.title,The obstacle course,text
ms-the-obstacle-course.description,A obstacle course in the Miami parking lot.,text
ms-the-obstacle-course.shortDescription,"Your flying skills are great, but how's your stick control?",text
ms-the-obstacle-course.dialog-660,"Another simple but challenging course. Do your best to stay within the course, and follow the path. ",text
ms-the-obstacle-course.dialog-661,"Stick control will be key to stay within the course. You'll want to make sure you're keeping an eye on your momentum, especially during those turns.",text
ms-the-obstacle-course.dialog-662,Mission Complete.,text
ms-the-obstacle-course.dialog-663,Oops. You're upside down. Try again.,text
ms-the-obstacle-course.dialog-664,"Hey. Where are you going?
Try again.",text
ms-the-obstacle-course.dialog-665,Time out.,text
ms-the-sweeper.title,The Sweeper,text
ms-the-sweeper.description,Practicing wide sweeping turns at the docks.,text
ms-the-sweeper.shortDescription,"I think at this point you can see what we're working toward, you're on your way to becoming a racer.",text
ms-the-sweeper.dialog-727,"The key is to remember to be in control of your drone the whole time. Clean, well executed maneuvers require simultaneous action on both sticks.",text
ms-the-sweeper.dialog-728,"If you're only using one stick at a time, you'll be spending most of that time correcting what the other stick has or has not done.",text
ms-the-sweeper.dialog-729,"Nice flying, let's give it one more try.",text
ms-the-sweeper.dialog-730,Remember to use those sticks in tandem to maximize control.,text
ms-the-sweeper.dialog-731,Mission Complete.,text
ms-the-sweeper.dialog-732,Oops. You're upside down. Try again.,text
ms-the-sweeper.dialog-733,Hey! Where are you going?,text
ms-the-sweeper.dialog-734,Try again.,text
ms-your-first-race.title,Your First Race,text
ms-your-first-race.description,Welcome to FPV racing.,text
ms-your-first-race.shortDescription,"I heard a few pilots have set up a course at the stadium, why don't you head down there and show 'em what you got.",text
ms-your-first-race.dialog-760,"These pilots have put up some pretty decent times, but I think you've got what it takes to top them.",text
ms-your-first-race.dialog-761,Looks like your first challenge is All-Star Axel's 2 minute 30 second run.,text
ms-your-first-race.dialog-762,Nice work. I guess they're a fallen star now.,text
ms-your-first-race.dialog-763,Next up is Mad-man Marko with 2 minutes.,text
ms-your-first-race.dialog-764,"You've made the mad-man, a sad man with that excellent display of flying skills.",text
ms-your-first-race.dialog-765,The last pilot to beat is Top-Dog Tony. He's got this course on lock down with a solid 90 second run.,text
ms-your-first-race.dialog-766,You've taken down the top dog. Mission Complete.,text
ms-your-first-race.dialog-767,Oops. You're upside down. Try again.,text
ms-your-first-race.dialog-768,"Hey. Where are you going?
Try again.",text
ms-your-first-race.dialog-769,Time out.,text
ms-the-playground.title,The Playground,text
ms-the-playground.description,Follow the training lines to practice the theory you just learnt.,text
ms-the-playground.shortDescription,On this mission you will find lots of free space and time to challenge yourself as many times as you want. Welcome to the playground.,text
ms-the-playground.dialog-688,Welcome to The Playground.,text
ms-the-playground.dialog-689,"Whenever you're done, hold 'L' key to end this mission.",text
ms-the-playground.dialog-690,Throttle up keeping in sight the line in front of you.,text
ms-the-playground.dialog-691,Well done! Try other challenges.,text
ms-the-playground.dialog-692,"You went too far away.
Come back to the base to try again.",text
ms-the-playground.dialog-693,Pitch forward tryng to stay aligned above the line.,text
ms-the-playground.dialog-694,Bullet point to remember (on intermediate you ned to use throtle plus pitch),text
ms-the-playground.dialog-695,"You went too far away.
Come back to the base to try again.",text
ms-the-playground.dialog-696,Descend keeping the drone above the line.,text
ms-the-playground.dialog-697,BulletPointToRemember,text
ms-the-playground.dialog-698,"You went too far away.
Come back to the base to try again.",text
ms-the-playground.dialog-699,Practice a long slope. + Hint,text
ms-the-playground.dialog-700,BulletPointToRemember,text
ms-the-playground.dialog-701,"You went too far away.
Come back to the base to try again.",text
ms-the-playground.dialog-702,Goal + Hint. Go down while keep looking at the yellow ball. Use yaw and throttle to accomodate speed.,text
ms-the-playground.dialog-703,Achieved. Technique Bullet point to remember.,text
ms-the-playground.dialog-704,"You went too far away.
Come back to the base to try again.",text
ms-the-playground.dialog-705,Pitch steady along the line.,text
ms-the-playground.dialog-706,Well done! Try other challenges.,text
ms-the-playground.dialog-707,"You went too far away.
Come back to the base to try again.",text
ms-the-playground.dialog-708,Pitch steady along the line.,text
ms-the-playground.dialog-709,Well done! Try other challenges.,text
ms-the-playground.dialog-710,"You went too far away.
Come back to the base to try again.",text
ms-the-playground.dialog-711,Pitch steady along the line.,text
ms-the-playground.dialog-712,Well done! Try other challenges.,text
ms-the-playground.dialog-713,"You went too far away.
Come back to the base to try again.",text
ms-the-playground.dialog-714,Pitch steady along the line.,text
ms-the-playground.dialog-715,Well done! Try other challenges.,text
ms-the-playground.dialog-716,"You went too far away.
Come back to the base to try again.",text
ms-the-playground.dialog-717,Oops! Try again.,text
ms-the-playground.dialog-718,"You're too far out, let's try to stay inside the stadium.",text
ms-the-playground.dialog-719,Well done! Come back to practice whenever you want.,text
ms-the-playground.dialog-720,Mission Complete!,text
ms-the-pitch-throttle-relations.title,The Pitch & Throttle relationship,text
ms-the-pitch-throttle-relations.description,Learn how Pitch & Throttle are related on Intermediate mode.	,text
ms-the-pitch-throttle-relations.shortDescription,This mission will provide you with the basic theory to understand how to fly on Intermediate.,text
ms-the-pitch-throttle-relations.dialog-666,Pay attention to understand how Intermediate control works.,text
ms-the-pitch-throttle-relations.dialog-667,Use throttle to avoid falling.,text
ms-the-pitch-throttle-relations.dialog-668,Lesson1: In Intermediate you need to use throttle to maintain altitude.,text
ms-the-pitch-throttle-relations.dialog-669,Too low. You must use throttle constantly to maintain altitude in Intermediate.,text
ms-the-pitch-throttle-relations.dialog-670,Pass thru the goal gate.,text
ms-the-pitch-throttle-relations.dialog-671,What's going on? Let me explain.,text
ms-the-pitch-throttle-relations.dialog-672,"Pitching is no longer enought for moving, on Intermediate it mostly sets the drone inclination, so you need to combine it with throttle to get some thrust.",text
ms-the-pitch-throttle-relations.dialog-673,"It's a complex balance, experience it by trying to fly straight between the lines.",text
ms-the-pitch-throttle-relations.dialog-674,Lesson2: Pitch sets the angle. Throttle apply thrust on the set inclination.,text
ms-the-pitch-throttle-relations.dialog-675,"Things will get more complicated when Yaw and Roll gets in the game, but the principle is the same.",text
ms-the-pitch-throttle-relations.dialog-676,Too low. Reduce pitch and apply throttle to climb up.,text
ms-the-pitch-throttle-relations.dialog-677,Too high. Reduce throttle. Tip: by increasing Pitch throttle power will be used to move forward.,text
ms-the-pitch-throttle-relations.dialog-678,Lets focus on speed control. Try to keep the drone between the 2 sparks on the trail.,text
ms-the-pitch-throttle-relations.dialog-679,"Lesson 3: the more inclination and more throttle, more forward speed.",text
ms-the-pitch-throttle-relations.dialog-680,Same applies to roll. On next mission you will experience by yourself.,text
ms-the-pitch-throttle-relations.dialog-681,Just keep in mind that on Intermediate left stick is key to keep altitude and control speed.,text
ms-the-pitch-throttle-relations.dialog-682,Too high. Reduce throttle. Tip: by increasing Pitch throttle power will be used to move forward.,text
ms-the-pitch-throttle-relations.dialog-683,Too low. Reduce pitch and apply throttle to climb up.,text
ms-the-pitch-throttle-relations.dialog-684,Too slow. Get faster by increasing pitch and adding some throttle.,text
ms-the-pitch-throttle-relations.dialog-685,Too fast. Reduce pitch to slow down... and remember to keep using throttle to maintain altitude.,text
ms-the-pitch-throttle-relations.dialog-686,Hey! Where are you going?,text
ms-the-pitch-throttle-relations.dialog-687,Oops. You're upside down. Try again.,text
ms-intro-physics.title,SETUP,text
ms-intro-physics.description,Intro mission.,text
ms-intro-physics.shortDescription,"Welcome to DRL Simulator Setup.

Here we will setup your computer so
that you get the best performance
and simulation experience.",text
ms-intro-physics.nav-left.screen1,SKIP,text
ms-intro-physics.nav-right.screen1,"CONFIGURE
CONTROLLER",text
ms-intro-physics.step.screen1,STEP ONE:,text
ms-intro-physics.title.screen1,SETUP CONTROLLER,text
ms-intro-physics.body.screen1.drone,RECOMMENDED DRONE CONTROLLERS :,text
ms-intro-physics.body.screen1.checklist1,LOW LATENCY,text
ms-intro-physics.body.screen1.checklist2,PLUG & PLAY,text
ms-intro-physics.body.screen1.checklist3,GREAT DRONE CONTROLLERS IRL,text
ms-intro-physics.body.screen1.controller1,"TARANIS
X9D",text
ms-intro-physics.body.screen1.controller2,"FATSHARK
101",text
ms-intro-physics.body.screen1.controller3,"TARANIS
QX7",text
ms-intro-physics.body.screen1.controller4,"TURNIGY
EVOLUTION",text
ms-intro-physics.body.screen1.controller5,"XBOX
ONE",text
ms-intro-physics.body.screen1.controller6,PS4,text
ms-intro-physics.body.screen1.game,RECOMMENDED GAME CONTROLLERS:,text
ms-intro-physics.nav-left.screen2.calibration,"CONFIGURE
CONTROLLER",text
ms-intro-physics.nav-left.screen2.skip,SKIP,text
ms-intro-physics.nav-right.screen2,NEXT,text
ms-intro-physics.step.screen2,STEP TWO :,text
ms-intro-physics.title.screen2,STARTUP FLIGHT TEST,text
ms-intro-physics.nav-left.screen3.graphics,"GRAPHICS
SETTINGS",text
ms-intro-physics.nav-left.screen3.skip,SKIP,text
ms-intro-physics.nav-right.screen3,NEXT,text
ms-intro-physics.step.screen3,STEP THREE :,text
ms-intro-physics.title.screen3,PERFORMANCE CHECK,text
ms-intro-physics.fps.screen3,FPS,text
ms-intro-physics.nav-left.screen4,SKIP,text
ms-intro-physics.nav-right.screen4,COMPLETE,text
ms-intro-physics.body.screen4,"Awesome. You are setup and ready to roll.

If things ever feel off, head over to Physics
Sandbox and try a few tunes.

If you experience latency or things don't
feel right, you may have to reduce graphics
or try a recommended controller.",text
ms-intro-physics.body.screen4.sandbox,"PHYSICS
SANDBOX",text
ms-intro-physics.body.screen4.graphics,GRAPHICS,text
ms-intro-physics.dialog-721,"We support over 30 common drone and gaming controllers but only recommend
a select few. These controllers are low latency and are proven to work well.",text
ms-intro-physics.dialog-722,"This is a Shendrones Mifune. It weights 600g and uses a common
power package. 
Give her a whirl if you'd like by moving the controller sticks.",text
ms-intro-physics.dialog-723,"Feel free to increase resolution and graphics,
but only if your machine is fast enough.
Stable and ~60fps are needed for the physics to behave as good as IRL.",text
